participant_id,group,timestamp,event_type,course_id,step_number,mcq_drill_id,code_drill_id,selected_drill_ids
P001,B,2026-01-19T09:08:54.513Z,ai_drill_selection,bmi-calculator,0,,,
P001,B,2026-01-19T09:08:59.301Z,drill_attempt,,0,,,
P001,B,2026-01-19T09:09:11.473Z,drill_attempt,,0,,,
P001,B,2026-01-19T09:09:12.994Z,drill_session_completed,bmi-calculator,0,mcq-print-1,code-print-1,
P001,B,2026-01-19T09:09:47.456Z,ai_drill_selection,bmi-calculator,0,,,
P001,B,2026-01-19T09:10:05.689Z,drill_attempt,,0,,,
P001,B,2026-01-19T09:10:25.355Z,drill_attempt,,0,,,
P001,B,2026-01-19T09:10:26.828Z,drill_session_completed,bmi-calculator,0,mcq-print-4,code-print-2,
P001,B,2026-01-19T09:11:04.833Z,ai_drill_selection,bmi-calculator,0,,,
P001,B,2026-01-19T09:11:13.369Z,drill_attempt,,0,,,
P001,B,2026-01-19T09:11:27.541Z,drill_attempt,,0,,,
P001,B,2026-01-19T09:11:34.265Z,drill_attempt,,0,,,
P001,B,2026-01-19T09:11:35.484Z,drill_session_completed,bmi-calculator,0,mcq-variablen-1,code-variablen-1,
P001,B,2026-01-19T09:12:19.137Z,ai_drill_selection,bmi-calculator,0,,,
P001,B,2026-01-19T09:12:25.490Z,drill_attempt,,0,,,
P001,B,2026-01-19T09:12:50.100Z,drill_attempt,,0,,,
P001,B,2026-01-19T09:12:51.625Z,drill_session_completed,bmi-calculator,0,mcq-datentypen-1,code-datentypen-2,
P001,B,2026-01-19T09:14:15.567Z,ai_drill_selection,bmi-calculator,0,,,
P001,B,2026-01-19T09:14:25.751Z,drill_attempt,,0,,,
P001,B,2026-01-19T09:14:48.817Z,drill_attempt,,0,,,
P001,B,2026-01-19T09:14:50.951Z,drill_session_completed,bmi-calculator,0,mcq-strings-1,code-strings-6,
P001,B,2026-01-19T09:34:47.983Z,ai_drill_selection,bmi-calculator,0,,,
P001,B,2026-01-19T09:34:53.649Z,drill_attempt,,0,,,
P001,B,2026-01-19T09:34:57.271Z,drill_attempt,,0,,,
P001,B,2026-01-19T09:35:14.429Z,drill_attempt,,0,,,
P001,B,2026-01-19T09:35:30.956Z,drill_attempt,,0,,,
P001,B,2026-01-19T09:35:31.898Z,drill_attempt,,0,,,
P001,B,2026-01-19T09:35:44.871Z,drill_attempt,,0,,,
P001,B,2026-01-19T09:35:46.497Z,drill_session_completed,bmi-calculator,0,mcq-variablen-2,code-variablen-2,
P001,B,2026-01-19T09:36:57.337Z,ai_drill_selection,bmi-calculator,0,,,
P001,B,2026-01-19T09:37:08.667Z,drill_attempt,,0,,,
P001,B,2026-01-19T09:37:38.858Z,drill_attempt,,0,,,
P001,B,2026-01-19T09:37:40.838Z,drill_session_completed,bmi-calculator,0,mcq-strings-9,code-strings-4,
P001,B,2026-01-19T09:39:08.884Z,ai_drill_selection,bmi-calculator,0,,,
P001,B,2026-01-19T09:39:11.967Z,drill_attempt,,0,,,
P001,B,2026-01-19T09:39:42.846Z,drill_attempt,,0,,,
P001,B,2026-01-19T09:39:47.220Z,drill_attempt,,0,,,
P001,B,2026-01-19T09:39:48.768Z,drill_session_completed,bmi-calculator,0,mcq-bedingungen-1,code-bedingungen-1,
P001,B,2026-01-19T09:41:22.203Z,ai_drill_selection,bmi-calculator,0,,,
P001,B,2026-01-19T09:41:40.706Z,drill_attempt,,0,,,
P001,B,2026-01-19T09:42:09.507Z,drill_attempt,,0,,,
P001,B,2026-01-19T09:42:20.509Z,drill_attempt,,0,,,
P001,B,2026-01-19T09:42:21.980Z,drill_session_completed,bmi-calculator,0,mcq-bedingungen-2,code-bedingungen-3,
P001,B,2026-01-19T09:43:54.972Z,ai_drill_selection,bmi-calculator,0,,,
P001,B,2026-01-19T09:43:58.925Z,drill_attempt,,0,,,
P001,B,2026-01-19T09:45:09.328Z,drill_attempt,,0,,,
P001,B,2026-01-19T09:45:11.299Z,drill_session_completed,bmi-calculator,0,mcq-bedingungen-9,code-bedingungen-2,
P001,B,2026-01-19T09:46:42.667Z,ai_drill_selection,bmi-calculator,0,,,
P001,B,2026-01-19T09:46:48.517Z,drill_attempt,,0,,,
P001,B,2026-01-19T09:47:53.002Z,drill_attempt,,0,,,
P001,B,2026-01-19T09:48:07.423Z,drill_attempt,,0,,,
P001,B,2026-01-19T09:48:23.223Z,drill_session_completed,bmi-calculator,0,mcq-bedingungen-13,code-bedingungen-5,
P001,B,2026-01-20T18:29:43.557Z,ai_drill_selection,bmi-calculator,0,,,
P001,B,2026-01-20T18:29:47.272Z,drill_attempt,,0,,,
P001,B,2026-01-20T18:30:53.994Z,drill_attempt,,0,,,
P001,B,2026-01-20T18:30:56.313Z,drill_session_completed,bmi-calculator,0,mcq-bedingungen-19,code-bedingungen-6,
P003,A,2025-12-23T16:00:21.730Z,drill_shown,bmi-calculator,0,mcq-print-13,code-print-5,
P003,A,2025-12-23T16:00:27.942Z,drill_attempt,,0,,,
P003,A,2025-12-23T16:01:15.528Z,drill_attempt,,0,,,
P003,A,2025-12-23T16:01:17.140Z,drill_session_completed,bmi-calculator,0,mcq-print-13,code-print-5,
P003,A,2025-12-23T16:01:58.885Z,drill_shown,bmi-calculator,0,mcq-print-24,code-print-8,
P003,A,2025-12-23T16:02:01.621Z,drill_attempt,,0,,,
P003,A,2025-12-23T16:02:34.605Z,drill_attempt,,0,,,
P003,A,2025-12-23T16:02:36.475Z,drill_session_completed,bmi-calculator,0,mcq-print-24,code-print-8,
P003,A,2025-12-23T16:03:53.233Z,drill_shown,bmi-calculator,0,mcq-print-9,code-variablen-4,
P003,A,2025-12-23T16:03:58.797Z,drill_attempt,,0,,,
P003,A,2025-12-23T16:04:07.627Z,drill_attempt,,0,,,
P003,A,2025-12-23T16:04:43.398Z,drill_attempt,,0,,,
P003,A,2025-12-23T16:05:46.741Z,drill_attempt,,0,,,
P003,A,2025-12-23T16:06:00.552Z,drill_attempt,,0,,,
P003,A,2025-12-23T16:06:02.900Z,drill_session_completed,bmi-calculator,0,mcq-print-9,code-variablen-4,
P003,A,2025-12-23T16:06:47.807Z,drill_shown,bmi-calculator,0,mcq-print-14,code-print-9,
P003,A,2025-12-23T16:07:01.651Z,drill_attempt,,0,,,
P003,A,2025-12-23T16:08:58.287Z,drill_attempt,,0,,,
P003,A,2025-12-23T16:09:07.016Z,drill_attempt,,0,,,
P003,A,2025-12-23T16:09:12.706Z,drill_session_completed,bmi-calculator,0,mcq-print-14,code-print-9,
P003,A,2025-12-23T16:10:50.804Z,drill_shown,bmi-calculator,0,mcq-datentypen-1,code-print-3,
P003,A,2025-12-23T16:11:01.096Z,drill_attempt,,0,,,
P003,A,2025-12-23T16:11:31.887Z,drill_attempt,,0,,,
P003,A,2025-12-23T16:11:34.070Z,drill_session_completed,bmi-calculator,0,mcq-datentypen-1,code-print-3,
P003,A,2025-12-23T16:12:48.118Z,drill_shown,bmi-calculator,0,mcq-datentypen-2,code-strings-3,
P003,A,2025-12-23T16:12:58.408Z,drill_attempt,,0,,,
P003,A,2025-12-23T16:13:36.404Z,drill_attempt,,0,,,
P003,A,2025-12-23T16:13:37.893Z,drill_session_completed,bmi-calculator,0,mcq-datentypen-2,code-strings-3,
P003,A,2025-12-23T16:15:15.361Z,drill_shown,bmi-calculator,0,mcq-strings-9,code-strings-4,
P003,A,2025-12-23T16:15:26.328Z,drill_attempt,,0,,,
P003,A,2025-12-23T16:16:16.039Z,drill_attempt,,0,,,
P003,A,2025-12-23T16:16:20.862Z,drill_attempt,,0,,,
P003,A,2025-12-23T16:16:27.699Z,drill_attempt,,0,,,
P003,A,2025-12-23T16:16:30.539Z,drill_session_completed,bmi-calculator,0,mcq-strings-9,code-strings-4,
P003,A,2025-12-23T16:18:12.437Z,drill_shown,bmi-calculator,0,mcq-bedingungen-4,code-print-2,
P003,A,2025-12-23T16:18:16.978Z,drill_attempt,,0,,,
P003,A,2025-12-23T16:19:04.840Z,drill_attempt,,0,,,
P003,A,2025-12-23T16:19:08.892Z,drill_session_completed,bmi-calculator,0,mcq-bedingungen-4,code-print-2,
P003,A,2025-12-23T16:22:05.955Z,drill_shown,bmi-calculator,0,mcq-variablen-7,code-strings-6,
P003,A,2025-12-23T16:22:11.193Z,drill_attempt,,0,,,
P003,A,2025-12-23T16:22:16.237Z,drill_attempt,,0,,,
P003,A,2025-12-23T16:23:24.707Z,drill_attempt,,0,,,
P003,A,2025-12-23T16:23:29.113Z,drill_attempt,,0,,,
P003,A,2025-12-23T16:23:30.572Z,drill_session_completed,bmi-calculator,0,mcq-variablen-7,code-strings-6,
P003,A,2025-12-23T16:26:03.423Z,drill_shown,bmi-calculator,0,mcq-strings-5,code-variablen-2,
P003,A,2025-12-23T16:26:09.362Z,drill_attempt,,0,,,
P003,A,2025-12-23T16:27:03.203Z,drill_attempt,,0,,,
P003,A,2025-12-23T16:27:07.061Z,drill_session_completed,bmi-calculator,0,mcq-strings-5,code-variablen-2,
P003,A,2025-12-23T16:28:38.359Z,drill_shown,bmi-calculator,0,mcq-strings-1,code-datentypen-3,
P003,A,2025-12-23T16:28:44.310Z,drill_attempt,,0,,,
P003,A,2025-12-23T16:29:24.906Z,drill_attempt,,0,,,
P003,A,2025-12-23T16:29:27.254Z,drill_session_completed,bmi-calculator,0,mcq-strings-1,code-datentypen-3,
P003,A,2025-12-23T16:30:34.832Z,drill_shown,bmi-calculator,0,mcq-print-12,code-strings-5,
P003,A,2025-12-23T16:31:00.530Z,drill_attempt,,0,,,
P003,A,2025-12-23T16:31:07.330Z,drill_attempt,,0,,,
P003,A,2025-12-23T16:31:56.771Z,drill_attempt,,0,,,
P003,A,2025-12-23T16:32:03.650Z,drill_attempt,,0,,,
P003,A,2025-12-23T16:32:05.690Z,drill_session_completed,bmi-calculator,0,mcq-print-12,code-strings-5,
P004,A,2026-01-20T10:25:39.448Z,drill_shown,bmi-calculator,0,mcq-print-12,code-print-3,
P004,A,2026-01-20T10:25:45.485Z,drill_attempt,,0,,,
P004,A,2026-01-20T10:25:56.683Z,drill_attempt,,0,,,
P004,A,2026-01-20T10:25:58.500Z,drill_session_completed,bmi-calculator,0,mcq-print-12,code-print-3,
P004,A,2026-01-20T10:26:26.944Z,drill_shown,bmi-calculator,0,mcq-print-11,code-print-4,
P004,A,2026-01-20T10:26:30.931Z,drill_attempt,,0,,,
P004,A,2026-01-20T10:26:52.670Z,drill_attempt,,0,,,
P004,A,2026-01-20T10:26:58.353Z,drill_attempt,,0,,,
P004,A,2026-01-20T10:29:35.038Z,drill_shown,bmi-calculator,0,mcq-print-21,code-print-7,
P004,A,2026-01-20T10:29:38.978Z,drill_attempt,,0,,,
P004,A,2026-01-20T10:29:48.619Z,drill_attempt,,0,,,
P004,A,2026-01-20T10:29:54.580Z,drill_attempt,,0,,,
P004,A,2026-01-20T10:29:56.591Z,drill_session_completed,bmi-calculator,0,mcq-print-21,code-print-7,
P004,A,2026-01-20T10:31:38.638Z,drill_shown,bmi-calculator,0,mcq-print-6,code-datentypen-11,
P004,A,2026-01-20T10:31:41.260Z,drill_attempt,,0,,,
P004,A,2026-01-20T10:31:56.284Z,drill_attempt,,0,,,
P004,A,2026-01-20T10:31:58.888Z,drill_session_completed,bmi-calculator,0,mcq-print-6,code-datentypen-11,
P004,A,2026-01-20T10:33:04.644Z,drill_shown,bmi-calculator,0,mcq-strings-16,code-datentypen-2,
P004,A,2026-01-20T10:33:08.814Z,drill_attempt,,0,,,
P004,A,2026-01-20T10:33:48.430Z,drill_attempt,,0,,,
P004,A,2026-01-20T10:36:38.547Z,drill_attempt,,0,,,
P004,A,2026-01-20T10:36:53.010Z,drill_attempt,,0,,,
P004,A,2026-01-20T10:36:58.670Z,drill_attempt,,0,,,
P004,A,2026-01-20T10:37:04.937Z,drill_attempt,,0,,,
P004,A,2026-01-20T10:37:08.056Z,drill_session_completed,bmi-calculator,0,mcq-strings-16,code-datentypen-2,
P004,A,2026-01-20T10:38:33.964Z,drill_shown,bmi-calculator,0,mcq-variablen-7,code-print-2,
P004,A,2026-01-20T10:38:37.025Z,drill_attempt,,0,,,
P004,A,2026-01-20T10:38:53.451Z,drill_attempt,,0,,,
P004,A,2026-01-20T10:38:56.329Z,drill_session_completed,bmi-calculator,0,mcq-variablen-7,code-print-2,
P004,A,2026-01-20T10:39:59.159Z,drill_shown,bmi-calculator,0,mcq-strings-9,code-print-5,
P004,A,2026-01-20T10:40:04.306Z,drill_attempt,,0,,,
P004,A,2026-01-20T10:40:13.810Z,drill_attempt,,0,,,
P004,A,2026-01-20T10:40:16.319Z,drill_session_completed,bmi-calculator,0,mcq-strings-9,code-print-5,
P004,A,2026-01-20T10:41:21.796Z,drill_shown,bmi-calculator,0,mcq-bedingungen-6,code-bedingungen-3,
P004,A,2026-01-20T10:41:28.193Z,drill_attempt,,0,,,
P004,A,2026-01-20T10:41:39.940Z,drill_attempt,,0,,,
P004,A,2026-01-20T10:41:41.379Z,drill_session_completed,bmi-calculator,0,mcq-bedingungen-6,code-bedingungen-3,
P004,A,2026-01-20T10:45:07.196Z,drill_shown,bmi-calculator,0,mcq-strings-8,code-print-9,
P004,A,2026-01-20T10:45:12.168Z,drill_attempt,,0,,,
P004,A,2026-01-20T10:45:32.378Z,drill_attempt,,0,,,
P004,A,2026-01-20T10:45:33.996Z,drill_session_completed,bmi-calculator,0,mcq-strings-8,code-print-9,
P004,A,2026-01-20T10:48:14.509Z,drill_shown,bmi-calculator,0,mcq-bedingungen-9,code-strings-6,
P004,A,2026-01-20T10:48:18.002Z,drill_attempt,,0,,,
P004,A,2026-01-20T10:48:39.164Z,drill_attempt,,0,,,
P004,A,2026-01-20T10:48:48.912Z,drill_attempt,,0,,,
P004,A,2026-01-20T10:48:52.059Z,drill_session_completed,bmi-calculator,0,mcq-bedingungen-9,code-strings-6,
P004,A,2026-01-20T10:50:36.711Z,drill_shown,bmi-calculator,0,mcq-variablen-14,code-variablen-5,
P004,A,2026-01-20T10:50:45.114Z,drill_attempt,,0,,,
P004,A,2026-01-20T10:51:03.586Z,drill_attempt,,0,,,
P004,A,2026-01-20T10:51:11.340Z,drill_attempt,,0,,,
P004,A,2026-01-20T10:51:14.250Z,drill_session_completed,bmi-calculator,0,mcq-variablen-14,code-variablen-5,
P004,A,2026-01-20T10:52:17.177Z,drill_shown,bmi-calculator,0,mcq-variablen-5,code-strings-3,
P004,A,2026-01-20T10:52:20.043Z,drill_attempt,,0,,,
P004,A,2026-01-20T10:52:31.704Z,drill_attempt,,0,,,
P004,A,2026-01-20T10:52:34.609Z,drill_session_completed,bmi-calculator,0,mcq-variablen-5,code-strings-3,
P004,A,2026-01-20T11:01:23.272Z,drill_shown,interest-calculator,0,mcq-strings-11,code-strings-8,
P004,A,2026-01-20T11:01:26.852Z,drill_attempt,,0,,,
P004,A,2026-01-20T11:01:41.045Z,drill_attempt,,0,,,
P004,A,2026-01-20T11:01:43.336Z,drill_session_completed,interest-calculator,0,mcq-strings-11,code-strings-8,
P004,A,2026-01-20T11:02:54.009Z,drill_shown,interest-calculator,0,mcq-variablen-22,code-datentypen-5,
P004,A,2026-01-20T11:03:04.164Z,drill_attempt,,0,,,
P004,A,2026-01-20T11:03:08.570Z,drill_attempt,,0,,,
P004,A,2026-01-20T11:03:34.327Z,drill_attempt,,0,,,
P004,A,2026-01-20T11:03:36.818Z,drill_session_completed,interest-calculator,0,mcq-variablen-22,code-datentypen-5,
P004,A,2026-01-20T11:06:06.411Z,drill_shown,interest-calculator,0,mcq-strings-19,code-schleifen-1,
P004,A,2026-01-20T11:06:14.958Z,drill_attempt,,0,,,
P004,A,2026-01-20T11:06:36.001Z,drill_attempt,,0,,,
P004,A,2026-01-20T11:06:41.707Z,drill_attempt,,0,,,
P004,A,2026-01-20T11:06:43.189Z,drill_session_completed,interest-calculator,0,mcq-strings-19,code-schleifen-1,
P004,A,2026-01-20T11:08:53.539Z,drill_shown,interest-calculator,0,mcq-schleifen-1,code-schleifen-4,
P004,A,2026-01-20T11:08:56.676Z,drill_attempt,,0,,,
P004,A,2026-01-20T11:09:00.454Z,drill_attempt,,0,,,
P004,A,2026-01-20T11:09:43.502Z,drill_attempt,,0,,,
P004,A,2026-01-20T11:10:20.472Z,drill_attempt,,0,,,
P004,A,2026-01-20T11:10:35.191Z,drill_attempt,,0,,,
P004,A,2026-01-20T11:10:37.419Z,drill_session_completed,interest-calculator,0,mcq-schleifen-1,code-schleifen-4,
P004,A,2026-01-20T11:13:12.302Z,drill_shown,interest-calculator,0,mcq-schleifen-2,code-schleifen-3,
P004,A,2026-01-20T11:13:17.340Z,drill_attempt,,0,,,
P004,A,2026-01-20T11:13:52.253Z,drill_attempt,,0,,,
P004,A,2026-01-20T11:13:54.497Z,drill_session_completed,interest-calculator,0,mcq-schleifen-2,code-schleifen-3,
P004,A,2026-01-20T11:14:33.390Z,drill_shown,interest-calculator,0,mcq-listen-8,code-listen-2,
P004,A,2026-01-20T11:14:41.652Z,drill_attempt,,0,,,
P004,A,2026-01-20T11:15:04.604Z,drill_attempt,,0,,,
P004,A,2026-01-20T11:15:07.006Z,drill_session_completed,interest-calculator,0,mcq-listen-8,code-listen-2,
P004,A,2026-01-20T11:23:22.739Z,drill_shown,interest-calculator,0,mcq-bedingungen-1,code-strings-7,
P004,A,2026-01-20T11:23:26.058Z,drill_attempt,,0,,,
P004,A,2026-01-20T11:23:46.556Z,drill_attempt,,0,,,
P004,A,2026-01-20T11:23:49.104Z,drill_session_completed,interest-calculator,0,mcq-bedingungen-1,code-strings-7,
P004,A,2026-01-20T11:25:02.806Z,drill_shown,interest-calculator,0,mcq-schleifen-9,code-bedingungen-2,
P004,A,2026-01-20T11:25:12.770Z,drill_attempt,,0,,,
P004,A,2026-01-20T11:25:48.619Z,drill_attempt,,0,,,
P004,A,2026-01-20T11:25:52.881Z,drill_attempt,,0,,,
P004,A,2026-01-20T11:25:56.646Z,drill_session_completed,interest-calculator,0,mcq-schleifen-9,code-bedingungen-2,
P005,B,2026-01-05T09:32:01.919Z,ai_drill_selection,bmi-calculator,0,,,
P005,B,2026-01-05T09:32:06.064Z,drill_attempt,,0,,,
P005,B,2026-01-05T09:32:18.093Z,drill_attempt,,0,,,
P005,B,2026-01-05T09:32:21.281Z,drill_session_completed,bmi-calculator,0,mcq-print-1,code-print-1,
P005,B,2026-01-05T09:32:53.801Z,ai_drill_selection,bmi-calculator,0,,,
P005,B,2026-01-05T09:33:02.305Z,drill_attempt,,0,,,
P005,B,2026-01-05T09:33:19.991Z,drill_attempt,,0,,,
P005,B,2026-01-05T09:33:23.297Z,drill_session_completed,bmi-calculator,0,mcq-print-2,code-print-2,
P007,B,2026-01-12T10:31:54.902Z,ai_drill_selection,bmi-calculator,0,,,
P007,B,2026-01-12T10:32:00.914Z,drill_attempt,,0,,,
P007,B,2026-01-12T10:32:28.286Z,drill_attempt,,0,,,
P007,B,2026-01-12T10:32:34.302Z,drill_session_completed,bmi-calculator,0,mcq-print-1,code-print-1,
P007,B,2026-01-12T10:38:53.463Z,ai_drill_selection,bmi-calculator,0,,,
P007,B,2026-01-12T10:39:06.136Z,drill_attempt,,0,,,
P007,B,2026-01-12T10:39:35.213Z,drill_attempt,,0,,,
P007,B,2026-01-12T10:39:40.985Z,drill_session_completed,bmi-calculator,0,mcq-print-2,code-print-3,
P007,B,2026-01-12T10:47:52.631Z,ai_drill_selection,bmi-calculator,0,,,
P007,B,2026-01-12T10:48:00.037Z,drill_attempt,,0,,,
P007,B,2026-01-12T10:48:10.723Z,drill_attempt,,0,,,
P007,B,2026-01-12T10:48:56.447Z,drill_attempt,,0,,,
P007,B,2026-01-12T10:49:01.527Z,drill_session_completed,bmi-calculator,0,mcq-variablen-1,code-variablen-1,
P007,B,2026-01-12T10:50:36.103Z,ai_drill_selection,bmi-calculator,0,,,
P007,B,2026-01-12T10:50:45.433Z,drill_attempt,,0,,,
P007,B,2026-01-12T10:52:09.779Z,drill_attempt,,0,,,
P007,B,2026-01-12T10:54:52.125Z,drill_attempt,,0,,,
P007,B,2026-01-12T10:55:29.834Z,drill_attempt,,0,,,
P007,B,2026-01-12T10:55:56.189Z,drill_attempt,,0,,,
P007,B,2026-01-12T10:56:21.704Z,drill_attempt,,0,,,
P007,B,2026-01-12T10:56:24.704Z,drill_attempt,,0,,,
P007,B,2026-01-12T10:56:31.217Z,drill_attempt,,0,,,
P007,B,2026-01-12T10:56:58.246Z,drill_attempt,,0,,,
P007,B,2026-01-12T10:57:07.845Z,drill_session_completed,bmi-calculator,0,mcq-variablen-2,code-datentypen-2,
P007,B,2026-01-12T11:12:47.139Z,ai_drill_selection,bmi-calculator,0,,,
P007,B,2026-01-12T11:12:54.010Z,drill_attempt,,0,,,
P007,B,2026-01-12T11:13:58.990Z,drill_attempt,,0,,,
P007,B,2026-01-12T11:14:10.528Z,drill_attempt,,0,,,
P007,B,2026-01-12T11:16:00.255Z,drill_attempt,,0,,,
P007,B,2026-01-12T11:16:24.779Z,drill_attempt,,0,,,
P007,B,2026-01-12T11:16:36.954Z,drill_attempt,,0,,,
P007,B,2026-01-12T11:17:05.442Z,drill_attempt,,0,,,
P007,B,2026-01-12T11:17:38.162Z,drill_attempt,,0,,,
P007,B,2026-01-12T11:17:40.588Z,drill_attempt,,0,,,
P007,B,2026-01-12T11:23:55.351Z,drill_attempt,,0,,,
P007,B,2026-01-12T11:25:22.514Z,drill_attempt,,0,,,
P007,B,2026-01-12T11:27:32.651Z,drill_attempt,,0,,,
P007,B,2026-01-12T11:27:54.237Z,drill_attempt,,0,,,
P007,B,2026-01-12T11:28:10.401Z,drill_attempt,,0,,,
P007,B,2026-01-12T11:32:28.612Z,drill_attempt,,0,,,
P007,B,2026-01-12T11:32:48.294Z,drill_attempt,,0,,,
P007,B,2026-01-12T11:39:08.373Z,ai_drill_selection,bmi-calculator,0,,,
P007,B,2026-01-12T11:39:15.758Z,drill_attempt,,0,,,
P007,B,2026-01-12T11:39:21.913Z,drill_attempt,,0,,,
P007,B,2026-01-12T11:40:32.087Z,drill_attempt,,0,,,
P007,B,2026-01-12T11:40:47.700Z,drill_attempt,,0,,,
P007,B,2026-01-12T11:42:01.797Z,drill_session_completed,bmi-calculator,0,mcq-strings-3,code-strings-6,
P007,B,2026-01-12T11:47:33.639Z,ai_drill_selection,bmi-calculator,0,,,
P007,B,2026-01-12T11:47:49.013Z,drill_attempt,,0,,,
P007,B,2026-01-12T11:47:55.087Z,drill_attempt,,0,,,
P007,B,2026-01-12T11:49:57.536Z,drill_attempt,,0,,,
P007,B,2026-01-12T11:50:02.030Z,drill_session_completed,bmi-calculator,0,mcq-variablen-5,code-variablen-2,
P007,B,2026-01-12T11:52:55.688Z,ai_drill_selection,bmi-calculator,0,,,
P007,B,2026-01-12T11:53:02.265Z,drill_attempt,,0,,,
P007,B,2026-01-12T11:55:39.191Z,drill_attempt,,0,,,
P007,B,2026-01-12T11:56:14.697Z,drill_attempt,,0,,,
P007,B,2026-01-12T11:56:18.481Z,drill_session_completed,bmi-calculator,0,mcq-strings-6,code-strings-4,
P007,B,2026-01-12T12:01:10.508Z,ai_drill_selection,bmi-calculator,0,,,
P007,B,2026-01-12T12:01:14.133Z,drill_attempt,,0,,,
P007,B,2026-01-12T12:02:17.482Z,drill_attempt,,0,,,
P007,B,2026-01-12T12:03:22.722Z,drill_attempt,,0,,,
P007,B,2026-01-12T12:04:11.902Z,drill_attempt,,0,,,
P007,B,2026-01-12T12:04:23.228Z,drill_attempt,,0,,,
P007,B,2026-01-12T12:04:25.879Z,drill_session_completed,bmi-calculator,0,mcq-bedingungen-1,code-bedingungen-4,
P008,A,2025-12-09T09:40:59.008Z,drill_shown,bmi-calculator,0,mcq-print-1,code-print-3,
P008,A,2025-12-09T09:41:07.616Z,drill_attempt,,0,,,
P008,A,2025-12-09T09:41:27.878Z,drill_attempt,,0,,,
P008,A,2025-12-09T09:41:31.316Z,drill_session_completed,bmi-calculator,0,mcq-print-1,code-print-3,
P008,A,2025-12-09T09:42:07.800Z,drill_shown,bmi-calculator,0,mcq-print-24,code-print-1,
P008,A,2025-12-09T09:42:13.836Z,drill_attempt,,0,,,
P008,A,2025-12-09T09:42:40.656Z,drill_attempt,,0,,,
P008,A,2025-12-09T09:42:45.498Z,drill_session_completed,bmi-calculator,0,mcq-print-24,code-print-1,
P008,A,2025-12-09T09:43:35.540Z,drill_shown,bmi-calculator,0,mcq-print-4,code-print-7,
P008,A,2025-12-09T09:43:59.461Z,drill_attempt,,0,,,
P008,A,2025-12-09T09:44:24.673Z,drill_attempt,,0,,,
P008,A,2025-12-09T09:44:27.202Z,drill_session_completed,bmi-calculator,0,mcq-print-4,code-print-7,
P008,A,2025-12-09T09:45:05.089Z,drill_shown,bmi-calculator,0,mcq-print-18,code-print-5,
P008,A,2025-12-09T09:45:11.108Z,drill_attempt,,0,,,
P008,A,2025-12-09T09:45:47.279Z,drill_attempt,,0,,,
P008,A,2025-12-09T09:45:57.547Z,drill_attempt,,0,,,
P008,A,2025-12-09T09:46:01.695Z,drill_session_completed,bmi-calculator,0,mcq-print-18,code-print-5,
P008,A,2025-12-09T09:52:59.395Z,drill_shown,bmi-calculator,0,mcq-print-23,code-datentypen-2,
P008,A,2025-12-09T09:53:10.452Z,drill_attempt,,0,,,
P008,A,2025-12-09T09:53:49.998Z,drill_attempt,,0,,,
P008,A,2025-12-09T09:53:58.392Z,drill_session_completed,bmi-calculator,0,mcq-print-23,code-datentypen-2,
P008,A,2025-12-09T09:55:06.958Z,drill_shown,bmi-calculator,0,mcq-print-9,code-datentypen-11,
P008,A,2025-12-09T09:55:13.071Z,drill_attempt,,0,,,
P008,A,2025-12-09T09:55:26.701Z,drill_attempt,,0,,,
P008,A,2025-12-09T09:55:28.804Z,drill_session_completed,bmi-calculator,0,mcq-print-9,code-datentypen-11,
P008,A,2025-12-09T09:56:28.934Z,drill_shown,bmi-calculator,0,mcq-datentypen-5,code-strings-4,
P008,A,2025-12-09T09:56:35.931Z,drill_attempt,,0,,,
P008,A,2025-12-09T09:56:40.109Z,drill_attempt,,0,,,
P008,A,2025-12-09T09:57:02.945Z,drill_attempt,,0,,,
P008,A,2025-12-09T09:57:05.211Z,drill_session_completed,bmi-calculator,0,mcq-datentypen-5,code-strings-4,
P008,A,2025-12-09T09:59:55.389Z,drill_shown,bmi-calculator,0,mcq-datentypen-7,code-bedingungen-1,
P008,A,2025-12-09T10:00:01.690Z,drill_attempt,,0,,,
P008,A,2025-12-09T10:00:28.093Z,drill_attempt,,0,,,
P008,A,2025-12-09T10:00:30.973Z,drill_session_completed,bmi-calculator,0,mcq-datentypen-7,code-bedingungen-1,
P008,A,2025-12-09T10:02:16.774Z,drill_shown,bmi-calculator,0,mcq-variablen-3,code-strings-3,
P008,A,2025-12-09T10:02:20.269Z,drill_attempt,,0,,,
P008,A,2025-12-09T10:02:38.308Z,drill_attempt,,0,,,
P008,A,2025-12-09T10:02:40.323Z,drill_session_completed,bmi-calculator,0,mcq-variablen-3,code-strings-3,
P008,A,2025-12-09T10:04:32.951Z,drill_shown,bmi-calculator,0,mcq-strings-7,code-print-8,
P008,A,2025-12-09T10:04:43.680Z,drill_attempt,,0,,,
P008,A,2025-12-09T10:05:01.304Z,drill_attempt,,0,,,
P008,A,2025-12-09T10:05:13.496Z,drill_attempt,,0,,,
P008,A,2025-12-09T10:05:15.784Z,drill_session_completed,bmi-calculator,0,mcq-strings-7,code-print-8,
P008,A,2025-12-09T10:06:41.489Z,drill_shown,bmi-calculator,0,mcq-bedingungen-25,code-bedingungen-2,
P008,A,2025-12-09T10:06:47.035Z,drill_attempt,,0,,,
P008,A,2025-12-09T10:07:54.151Z,drill_attempt,,0,,,
P008,A,2025-12-09T10:07:56.839Z,drill_session_completed,bmi-calculator,0,mcq-bedingungen-25,code-bedingungen-2,
P008,A,2025-12-09T10:08:49.029Z,drill_shown,bmi-calculator,0,mcq-bedingungen-24,code-bedingungen-5,
P008,A,2025-12-09T10:08:55.033Z,drill_attempt,,0,,,
P008,A,2025-12-09T10:10:04.834Z,drill_attempt,,0,,,
P008,A,2025-12-09T10:10:09.973Z,drill_attempt,,0,,,
P008,A,2025-12-09T10:10:12.095Z,drill_attempt,,0,,,
P008,A,2025-12-09T10:10:15.008Z,drill_session_completed,bmi-calculator,0,mcq-bedingungen-24,code-bedingungen-5,
P009,B,2025-12-26T09:41:05.112Z,ai_drill_selection,bmi-calculator,0,,,
P009,B,2025-12-26T09:41:11.572Z,drill_attempt,,0,,,
P009,B,2025-12-26T09:41:52.914Z,drill_attempt,,0,,,
P009,B,2025-12-26T09:41:57.154Z,drill_session_completed,bmi-calculator,0,mcq-print-1,code-print-1,
P009,B,2025-12-26T09:44:26.737Z,ai_drill_selection,bmi-calculator,0,,,
P009,B,2025-12-26T09:44:35.107Z,drill_attempt,,0,,,
P009,B,2025-12-26T09:45:15.784Z,drill_attempt,,0,,,
P009,B,2025-12-26T09:45:18.466Z,drill_session_completed,bmi-calculator,0,mcq-print-4,code-print-2,
P009,B,2025-12-26T09:46:57.287Z,ai_drill_selection,bmi-calculator,0,,,
P009,B,2025-12-26T09:47:05.698Z,drill_attempt,,0,,,
P009,B,2025-12-26T09:47:19.268Z,drill_attempt,,0,,,
P009,B,2025-12-26T09:47:23.069Z,drill_attempt,,0,,,
P009,B,2025-12-26T09:47:24.176Z,drill_attempt,,0,,,
P009,B,2025-12-26T09:47:41.468Z,drill_attempt,,0,,,
P009,B,2025-12-26T09:47:43.202Z,drill_session_completed,bmi-calculator,0,mcq-variablen-1,code-variablen-1,
P009,B,2025-12-26T09:48:36.292Z,ai_drill_selection,bmi-calculator,0,,,
P009,B,2025-12-26T09:48:47.428Z,drill_attempt,,0,,,
P009,B,2025-12-26T09:50:15.393Z,drill_attempt,,0,,,
P009,B,2025-12-26T09:50:32.484Z,drill_attempt,,0,,,
P009,B,2025-12-26T09:50:39.967Z,drill_attempt,,0,,,
P009,B,2025-12-26T09:50:43.785Z,drill_session_completed,bmi-calculator,0,mcq-datentypen-1,code-datentypen-2,
P009,B,2025-12-26T10:02:27.675Z,ai_drill_selection,bmi-calculator,0,,,
P009,B,2025-12-26T10:02:45.221Z,drill_attempt,,0,,,
P009,B,2025-12-26T10:03:03.700Z,drill_attempt,,0,,,
P009,B,2025-12-26T10:03:15.280Z,drill_attempt,,0,,,
P009,B,2025-12-26T10:03:17.345Z,drill_session_completed,bmi-calculator,0,mcq-variablen-7,code-variablen-5,
P009,B,2025-12-26T10:05:23.374Z,ai_drill_selection,bmi-calculator,0,,,
P009,B,2025-12-26T10:05:31.678Z,drill_attempt,,0,,,
P009,B,2025-12-26T10:05:34.818Z,drill_attempt,,0,,,
P009,B,2025-12-26T10:05:39.084Z,drill_attempt,,0,,,
P009,B,2025-12-26T10:06:13.005Z,drill_attempt,,0,,,
P009,B,2025-12-26T10:06:15.247Z,drill_session_completed,bmi-calculator,0,mcq-variablen-5,code-variablen-2,
P009,B,2025-12-26T10:07:58.844Z,ai_drill_selection,bmi-calculator,0,,,
P009,B,2025-12-26T10:08:03.397Z,drill_attempt,,0,,,
P009,B,2025-12-26T10:08:06.350Z,drill_attempt,,0,,,
P009,B,2025-12-26T10:08:56.569Z,drill_attempt,,0,,,
P009,B,2025-12-26T10:08:58.938Z,drill_session_completed,bmi-calculator,0,mcq-variablen-19,code-strings-4,
P009,B,2025-12-26T10:10:33.671Z,ai_drill_selection,bmi-calculator,0,,,
P009,B,2025-12-26T10:10:37.854Z,drill_attempt,,0,,,
P009,B,2025-12-26T10:11:17.505Z,drill_attempt,,0,,,
P009,B,2025-12-26T10:11:19.531Z,drill_session_completed,bmi-calculator,0,mcq-bedingungen-1,code-bedingungen-3,
P009,B,2025-12-26T10:14:35.972Z,ai_drill_selection,bmi-calculator,0,,,
P009,B,2025-12-26T10:14:52.175Z,drill_attempt,,0,,,
P009,B,2025-12-26T10:16:28.194Z,drill_attempt,,0,,,
P009,B,2025-12-26T10:16:44.577Z,drill_attempt,,0,,,
P009,B,2025-12-26T10:16:46.246Z,drill_session_completed,bmi-calculator,0,mcq-bedingungen-10,code-bedingungen-2,
P009,B,2025-12-26T10:19:01.386Z,ai_drill_selection,bmi-calculator,0,,,
P009,B,2025-12-26T10:19:12.398Z,drill_attempt,,0,,,
P009,B,2025-12-26T10:19:50.565Z,drill_attempt,,0,,,
P009,B,2025-12-26T10:19:52.957Z,drill_session_completed,bmi-calculator,0,mcq-bedingungen-9,code-bedingungen-4,
P009,B,2025-12-26T10:21:47.423Z,ai_drill_selection,bmi-calculator,0,,,
P009,B,2025-12-26T10:21:56.848Z,drill_attempt,,0,,,
P009,B,2025-12-26T10:23:41.216Z,drill_attempt,,0,,,
P009,B,2025-12-26T10:23:49.254Z,drill_attempt,,0,,,
P009,B,2025-12-26T10:23:51.462Z,drill_session_completed,bmi-calculator,0,mcq-bedingungen-15,code-bedingungen-5,
P009,B,2025-12-26T10:25:15.304Z,ai_drill_selection,bmi-calculator,0,,,
P009,B,2025-12-26T10:26:04.982Z,ai_drill_selection,bmi-calculator,0,,,
P009,B,2025-12-26T10:26:15.773Z,drill_attempt,,0,,,
P009,B,2025-12-26T10:27:12.723Z,drill_attempt,,0,,,
P009,B,2025-12-26T10:27:14.933Z,drill_session_completed,bmi-calculator,0,mcq-bedingungen-14,code-bedingungen-6,
P010,B,2025-12-19T13:59:37.900Z,ai_drill_selection,bmi-calculator,0,,,
P010,B,2025-12-19T13:59:52.340Z,drill_attempt,,0,,,
P010,B,2025-12-19T14:00:21.411Z,drill_attempt,,0,,,
P010,B,2025-12-19T14:00:30.623Z,drill_attempt,,0,,,
P010,B,2025-12-19T14:00:34.749Z,drill_session_completed,bmi-calculator,0,mcq-print-1,code-print-1,
P010,B,2025-12-19T14:03:15.918Z,ai_drill_selection,bmi-calculator,0,,,
P010,B,2025-12-19T14:03:47.158Z,drill_attempt,,0,,,
P010,B,2025-12-19T14:04:39.810Z,drill_attempt,,0,,,
P010,B,2025-12-19T14:04:43.151Z,drill_session_completed,bmi-calculator,0,mcq-print-2,code-print-2,
P010,B,2025-12-20T14:29:42.272Z,ai_drill_selection,bmi-calculator,0,,,
P010,B,2025-12-20T14:30:04.497Z,drill_attempt,,0,,,
P010,B,2025-12-20T14:30:11.416Z,drill_attempt,,0,,,
P010,B,2025-12-20T14:30:48.183Z,drill_attempt,,0,,,
P010,B,2025-12-20T14:30:52.011Z,drill_session_completed,bmi-calculator,0,mcq-variablen-1,code-variablen-1,
P010,B,2025-12-20T14:32:38.273Z,ai_drill_selection,bmi-calculator,0,,,
P010,B,2025-12-20T14:32:54.566Z,drill_attempt,,0,,,
P010,B,2025-12-20T14:34:04.264Z,drill_attempt,,0,,,
P010,B,2025-12-20T14:34:36.699Z,drill_attempt,,0,,,
P010,B,2025-12-20T14:34:40.008Z,drill_session_completed,bmi-calculator,0,mcq-datentypen-1,code-datentypen-2,
P010,B,2025-12-20T14:44:25.582Z,ai_drill_selection,bmi-calculator,0,,,
P010,B,2025-12-20T14:44:41.646Z,drill_attempt,,0,,,
P010,B,2025-12-20T14:48:51.809Z,drill_attempt,,0,,,
P010,B,2025-12-20T14:49:30.468Z,drill_attempt,,0,,,
P010,B,2025-12-20T14:57:01.931Z,drill_attempt,,0,,,
P010,B,2025-12-20T14:57:09.580Z,drill_attempt,,0,,,
P010,B,2025-12-20T14:57:11.151Z,drill_attempt,,0,,,
P010,B,2025-12-20T14:57:21.579Z,drill_attempt,,0,,,
P010,B,2025-12-20T14:57:25.629Z,drill_session_completed,bmi-calculator,0,mcq-strings-1,code-strings-5,
P010,B,2025-12-20T15:08:07.410Z,ai_drill_selection,bmi-calculator,0,,,
P010,B,2025-12-20T15:08:25.313Z,drill_attempt,,0,,,
P010,B,2025-12-20T15:08:36.089Z,drill_attempt,,0,,,
P010,B,2025-12-20T15:09:21.481Z,drill_attempt,,0,,,
P010,B,2025-12-20T15:09:24.036Z,drill_attempt,,0,,,
P010,B,2025-12-20T15:09:25.227Z,drill_attempt,,0,,,
P010,B,2025-12-20T15:09:27.473Z,drill_session_completed,bmi-calculator,0,mcq-variablen-5,code-variablen-2,
P010,B,2025-12-20T15:13:45.389Z,ai_drill_selection,bmi-calculator,0,,,
P010,B,2025-12-20T15:13:59.828Z,drill_attempt,,0,,,
P010,B,2025-12-20T15:14:42.173Z,drill_attempt,,0,,,
P010,B,2025-12-20T15:14:43.985Z,drill_attempt,,0,,,
P010,B,2025-12-20T15:14:47.510Z,drill_session_completed,bmi-calculator,0,mcq-strings-6,code-strings-4,
P010,B,2025-12-20T15:17:29.138Z,ai_drill_selection,bmi-calculator,0,,,
P010,B,2025-12-20T15:18:02.231Z,drill_attempt,,0,,,
P010,B,2025-12-20T15:18:55.706Z,drill_attempt,,0,,,
P010,B,2025-12-20T15:18:59.751Z,drill_session_completed,bmi-calculator,0,mcq-bedingungen-2,code-bedingungen-4,
P010,B,2025-12-20T15:22:34.898Z,ai_drill_selection,bmi-calculator,0,,,
P010,B,2025-12-20T15:22:42.938Z,drill_attempt,,0,,,
P010,B,2025-12-20T15:25:24.187Z,drill_attempt,,0,,,
P010,B,2025-12-20T15:25:28.096Z,drill_session_completed,bmi-calculator,0,mcq-bedingungen-4,code-bedingungen-2,
P010,B,2025-12-20T15:29:27.047Z,ai_drill_selection,bmi-calculator,0,,,
P010,B,2025-12-20T15:29:32.679Z,drill_attempt,,0,,,
P010,B,2025-12-20T15:30:18.490Z,drill_attempt,,0,,,
P010,B,2025-12-20T15:30:20.235Z,drill_attempt,,0,,,
P010,B,2025-12-20T15:30:23.720Z,drill_session_completed,bmi-calculator,0,mcq-bedingungen-9,code-bedingungen-3,
P010,B,2025-12-20T15:33:50.526Z,ai_drill_selection,bmi-calculator,0,,,
P010,B,2025-12-20T15:33:57.190Z,drill_attempt,,0,,,
P010,B,2025-12-20T15:35:41.612Z,drill_attempt,,0,,,
P010,B,2025-12-20T15:35:48.414Z,drill_session_completed,bmi-calculator,0,mcq-bedingungen-13,code-bedingungen-5,
P010,B,2025-12-20T15:38:38.814Z,ai_drill_selection,bmi-calculator,0,,,
P010,B,2025-12-20T15:38:50.970Z,drill_attempt,,0,,,
P010,B,2025-12-20T15:39:34.079Z,drill_attempt,,0,,,
P010,B,2025-12-20T15:41:31.142Z,drill_attempt,,0,,,
P010,B,2025-12-20T15:41:32.821Z,drill_attempt,,0,,,
P010,B,2025-12-20T15:41:52.939Z,drill_attempt,,0,,,
P010,B,2025-12-20T15:42:03.331Z,drill_session_completed,bmi-calculator,0,mcq-bedingungen-15,code-bedingungen-6,
P011,B,2026-01-11T14:40:05.003Z,ai_drill_selection,bmi-calculator,0,,,
P011,B,2026-01-11T14:40:12.074Z,drill_attempt,,0,,,
P011,B,2026-01-11T14:40:38.804Z,drill_attempt,,0,,,
P011,B,2026-01-11T14:40:45.153Z,drill_session_completed,bmi-calculator,0,mcq-print-1,code-print-1,
P011,B,2026-01-11T14:42:00.833Z,ai_drill_selection,bmi-calculator,0,,,
P011,B,2026-01-11T14:42:25.300Z,drill_attempt,,0,,,
P011,B,2026-01-11T14:42:34.125Z,drill_attempt,,0,,,
P011,B,2026-01-11T14:43:06.744Z,drill_attempt,,0,,,
P011,B,2026-01-11T14:43:12.593Z,drill_attempt,,0,,,
P011,B,2026-01-11T14:46:53.864Z,ai_drill_selection,bmi-calculator,0,,,
P011,B,2026-01-11T14:47:15.730Z,drill_attempt,,0,,,
P011,B,2026-01-11T14:47:48.763Z,drill_attempt,,0,,,
P011,B,2026-01-11T14:47:54.933Z,drill_session_completed,bmi-calculator,0,mcq-variablen-1,code-variablen-1,
P011,B,2026-01-11T14:49:30.573Z,ai_drill_selection,bmi-calculator,0,,,
P011,B,2026-01-11T14:49:42.968Z,drill_attempt,,0,,,
P011,B,2026-01-11T14:51:17.288Z,drill_attempt,,0,,,
P011,B,2026-01-11T14:53:51.890Z,drill_attempt,,0,,,
P011,B,2026-01-11T14:54:07.705Z,drill_session_completed,bmi-calculator,0,mcq-datentypen-1,code-datentypen-2,
P011,B,2026-01-11T17:17:11.110Z,ai_drill_selection,bmi-calculator,0,,,
P011,B,2026-01-11T17:17:18.482Z,drill_attempt,,0,,,
P011,B,2026-01-11T17:17:23.557Z,drill_attempt,,0,,,
P011,B,2026-01-11T17:17:57.137Z,drill_attempt,,0,,,
P011,B,2026-01-11T17:18:25.770Z,drill_attempt,,0,,,
P011,B,2026-01-11T17:18:34.338Z,drill_attempt,,0,,,
P011,B,2026-01-11T17:18:36.314Z,drill_attempt,,0,,,
P011,B,2026-01-11T17:19:43.398Z,drill_attempt,,0,,,
P011,B,2026-01-11T17:20:49.251Z,drill_attempt,,0,,,
P011,B,2026-01-11T17:21:06.808Z,drill_attempt,,0,,,
P011,B,2026-01-11T17:21:08.496Z,drill_attempt,,0,,,
P011,B,2026-01-11T17:22:38.804Z,drill_attempt,,0,,,
P011,B,2026-01-11T17:23:04.037Z,drill_session_completed,bmi-calculator,0,mcq-variablen-3,code-variablen-4,
P011,B,2026-01-11T17:27:14.392Z,ai_drill_selection,bmi-calculator,0,,,
P011,B,2026-01-11T17:27:21.506Z,drill_attempt,,0,,,
P011,B,2026-01-11T17:27:54.104Z,drill_attempt,,0,,,
P011,B,2026-01-11T17:27:58.582Z,drill_session_completed,bmi-calculator,0,mcq-variablen-2,code-variablen-5,
P011,B,2026-01-11T17:29:36.112Z,ai_drill_selection,bmi-calculator,0,,,
P011,B,2026-01-11T17:29:48.854Z,drill_attempt,,0,,,
P011,B,2026-01-11T17:30:31.279Z,drill_attempt,,0,,,
P011,B,2026-01-11T17:30:37.124Z,drill_session_completed,bmi-calculator,0,mcq-strings-6,code-strings-4,
P011,B,2026-01-11T17:33:24.742Z,ai_drill_selection,bmi-calculator,0,,,
P011,B,2026-01-11T17:33:29.133Z,drill_attempt,,0,,,
P011,B,2026-01-11T17:34:08.168Z,drill_attempt,,0,,,
P011,B,2026-01-11T17:34:13.869Z,drill_session_completed,bmi-calculator,0,mcq-bedingungen-1,code-bedingungen-3,
P011,B,2026-01-11T17:37:10.154Z,ai_drill_selection,bmi-calculator,0,,,
P011,B,2026-01-11T17:37:15.535Z,drill_attempt,,0,,,
P011,B,2026-01-11T17:38:58.581Z,drill_attempt,,0,,,
P011,B,2026-01-11T17:39:17.869Z,drill_attempt,,0,,,
P011,B,2026-01-11T17:39:26.782Z,drill_session_completed,bmi-calculator,0,mcq-bedingungen-9,code-bedingungen-2,
P011,B,2026-01-11T17:43:18.290Z,ai_drill_selection,bmi-calculator,0,,,
P011,B,2026-01-11T17:43:24.697Z,drill_attempt,,0,,,
P011,B,2026-01-11T17:44:06.844Z,drill_attempt,,0,,,
P011,B,2026-01-11T17:44:11.328Z,drill_session_completed,bmi-calculator,0,mcq-bedingungen-12,code-bedingungen-4,
P011,B,2026-01-11T17:48:04.902Z,ai_drill_selection,bmi-calculator,0,,,
P011,B,2026-01-11T17:48:10.181Z,drill_attempt,,0,,,
P011,B,2026-01-11T17:50:01.774Z,drill_attempt,,0,,,
P011,B,2026-01-11T17:50:58.849Z,drill_attempt,,0,,,
P011,B,2026-01-11T17:51:02.342Z,drill_attempt,,0,,,
P011,B,2026-01-11T17:51:02.808Z,drill_attempt,,0,,,
P011,B,2026-01-11T17:51:39.797Z,drill_attempt,,0,,,
P011,B,2026-01-11T17:51:44.680Z,drill_session_completed,bmi-calculator,0,mcq-bedingungen-13,code-bedingungen-5,
P011,B,2026-01-11T17:52:55.306Z,ai_drill_selection,bmi-calculator,0,,,
P011,B,2026-01-11T17:53:03.995Z,drill_attempt,,0,,,
P011,B,2026-01-11T17:54:01.076Z,drill_attempt,,0,,,
P011,B,2026-01-11T17:54:05.599Z,drill_session_completed,bmi-calculator,0,mcq-bedingungen-15,code-bedingungen-6,
P012,A,2026-01-09T11:15:55.012Z,drill_shown,bmi-calculator,0,mcq-print-2,code-print-3,
P012,A,2026-01-09T11:16:17.394Z,drill_attempt,,0,,,
P012,A,2026-01-09T11:16:34.070Z,drill_attempt,,0,,,
P012,A,2026-01-09T11:16:36.687Z,drill_session_completed,bmi-calculator,0,mcq-print-2,code-print-3,
P012,A,2026-01-09T11:17:06.511Z,drill_shown,bmi-calculator,0,mcq-print-16,code-print-9,
P012,A,2026-01-09T11:17:18.088Z,drill_attempt,,0,,,
P012,A,2026-01-09T11:17:45.714Z,drill_attempt,,0,,,
P012,A,2026-01-09T11:17:48.486Z,drill_session_completed,bmi-calculator,0,mcq-print-16,code-print-9,
P012,A,2026-01-09T11:18:18.798Z,drill_shown,bmi-calculator,0,mcq-variablen-2,code-print-2,
P012,A,2026-01-09T11:18:25.987Z,drill_attempt,,0,,,
P012,A,2026-01-09T11:18:48.090Z,drill_attempt,,0,,,
P012,A,2026-01-09T11:18:49.970Z,drill_session_completed,bmi-calculator,0,mcq-variablen-2,code-print-2,
P012,A,2026-01-09T11:19:37.382Z,drill_shown,bmi-calculator,0,mcq-print-1,code-variablen-1,
P012,A,2026-01-09T11:20:02.092Z,drill_attempt,,0,,,
P012,A,2026-01-09T11:20:18.530Z,drill_attempt,,0,,,
P012,A,2026-01-09T11:20:21.406Z,drill_session_completed,bmi-calculator,0,mcq-print-1,code-variablen-1,
P012,A,2026-01-09T11:21:48.838Z,drill_shown,bmi-calculator,0,mcq-print-25,code-strings-6,
P012,A,2026-01-09T11:21:58.200Z,drill_attempt,,0,,,
P012,A,2026-01-09T11:22:27.361Z,drill_attempt,,0,,,
P012,A,2026-01-09T11:22:34.372Z,drill_attempt,,0,,,
P012,A,2026-01-09T11:22:46.635Z,drill_session_completed,bmi-calculator,0,mcq-print-25,code-strings-6,
P012,A,2026-01-09T11:23:46.423Z,drill_shown,bmi-calculator,0,mcq-datentypen-6,code-datentypen-4,
P012,A,2026-01-09T11:24:02.963Z,drill_attempt,,0,,,
P012,A,2026-01-09T11:24:30.446Z,drill_attempt,,0,,,
P012,A,2026-01-09T11:24:33.173Z,drill_session_completed,bmi-calculator,0,mcq-datentypen-6,code-datentypen-4,
P012,A,2026-01-09T11:25:35.554Z,drill_shown,bmi-calculator,0,mcq-datentypen-3,code-print-5,
P012,A,2026-01-09T11:25:42.758Z,drill_attempt,,0,,,
P012,A,2026-01-09T11:25:57.677Z,drill_attempt,,0,,,
P012,A,2026-01-09T11:25:59.848Z,drill_session_completed,bmi-calculator,0,mcq-datentypen-3,code-print-5,
P012,A,2026-01-09T11:27:04.584Z,drill_shown,bmi-calculator,0,mcq-print-19,code-datentypen-2,
P012,A,2026-01-09T11:27:09.195Z,drill_attempt,,0,,,
P012,A,2026-01-09T11:28:03.190Z,drill_attempt,,0,,,
P012,A,2026-01-09T11:28:05.057Z,drill_session_completed,bmi-calculator,0,mcq-print-19,code-datentypen-2,
P012,A,2026-01-09T11:30:01.133Z,drill_shown,bmi-calculator,0,mcq-bedingungen-21,code-variablen-5,
P012,A,2026-01-09T11:30:14.508Z,drill_attempt,,0,,,
P012,A,2026-01-09T11:30:20.937Z,drill_attempt,,0,,,
P012,A,2026-01-09T11:30:39.133Z,drill_attempt,,0,,,
P012,A,2026-01-09T11:30:41.666Z,drill_session_completed,bmi-calculator,0,mcq-bedingungen-21,code-variablen-5,
P012,A,2026-01-09T11:32:23.626Z,drill_shown,bmi-calculator,0,mcq-bedingungen-6,code-bedingungen-4,
P012,A,2026-01-09T11:32:37.186Z,drill_attempt,,0,,,
P012,A,2026-01-09T11:33:15.604Z,drill_attempt,,0,,,
P012,A,2026-01-09T11:33:18.020Z,drill_session_completed,bmi-calculator,0,mcq-bedingungen-6,code-bedingungen-4,
P012,A,2026-01-09T11:34:54.581Z,drill_shown,bmi-calculator,0,mcq-bedingungen-26,code-bedingungen-6,
P012,A,2026-01-09T11:35:12.981Z,drill_attempt,,0,,,
P012,A,2026-01-09T11:36:03.976Z,drill_attempt,,0,,,
P012,A,2026-01-09T11:36:06.511Z,drill_session_completed,bmi-calculator,0,mcq-bedingungen-26,code-bedingungen-6,
P012,A,2026-01-09T11:36:38.940Z,drill_shown,bmi-calculator,0,mcq-bedingungen-11,code-datentypen-3,
P012,A,2026-01-09T11:37:00.787Z,drill_attempt,,0,,,
P012,A,2026-01-09T11:37:42.260Z,drill_attempt,,0,,,
P012,A,2026-01-09T11:37:49.343Z,drill_session_completed,bmi-calculator,0,mcq-bedingungen-11,code-datentypen-3,
P014,A,2026-01-05T15:16:25.706Z,drill_shown,bmi-calculator,0,mcq-print-2,code-print-1,
P014,A,2026-01-05T15:16:32.183Z,drill_attempt,,0,,,
P014,A,2026-01-05T15:16:46.518Z,drill_attempt,,0,,,
P015,B,2025-12-21T11:12:31.154Z,ai_drill_selection,bmi-calculator,0,,,
P015,B,2025-12-21T11:12:38.920Z,drill_attempt,,0,,,
P015,B,2025-12-21T11:12:55.756Z,drill_attempt,,0,,,
P015,B,2025-12-21T11:12:57.510Z,drill_session_completed,bmi-calculator,0,mcq-print-1,code-print-1,
P015,B,2025-12-21T11:13:55.599Z,ai_drill_selection,bmi-calculator,0,,,
P015,B,2025-12-21T11:14:19.567Z,drill_attempt,,0,,,
P015,B,2025-12-21T11:14:45.705Z,drill_attempt,,0,,,
P015,B,2025-12-21T11:14:48.813Z,drill_session_completed,bmi-calculator,0,mcq-print-2,code-print-2,
P015,B,2025-12-21T11:16:08.739Z,ai_drill_selection,bmi-calculator,0,,,
P015,B,2025-12-21T11:16:49.228Z,drill_attempt,,0,,,
P015,B,2025-12-21T11:17:04.568Z,drill_attempt,,0,,,
P015,B,2025-12-21T11:17:06.580Z,drill_session_completed,bmi-calculator,0,mcq-variablen-1,code-variablen-1,
P015,B,2025-12-21T11:18:57.093Z,ai_drill_selection,bmi-calculator,0,,,
P015,B,2025-12-21T11:19:25.712Z,drill_attempt,,0,,,
P015,B,2025-12-21T11:20:12.551Z,drill_attempt,,0,,,
P015,B,2025-12-21T11:21:07.907Z,drill_session_completed,bmi-calculator,0,mcq-datentypen-1,code-datentypen-2,
P015,B,2025-12-21T11:22:49.829Z,ai_drill_selection,bmi-calculator,0,,,
P015,B,2025-12-21T11:23:07.931Z,drill_attempt,,0,,,
P015,B,2025-12-21T11:24:10.026Z,drill_attempt,,0,,,
P015,B,2025-12-21T11:24:13.402Z,drill_session_completed,bmi-calculator,0,mcq-strings-1,code-strings-5,
P015,B,2025-12-21T11:28:49.311Z,ai_drill_selection,bmi-calculator,0,,,
P015,B,2025-12-21T11:29:00.300Z,drill_attempt,,0,,,
P015,B,2025-12-21T11:29:39.713Z,drill_attempt,,0,,,
P015,B,2025-12-21T11:29:49.394Z,drill_attempt,,0,,,
P015,B,2025-12-21T11:29:58.613Z,drill_attempt,,0,,,
P015,B,2025-12-21T11:30:06.767Z,drill_attempt,,0,,,
P015,B,2025-12-21T11:30:08.841Z,drill_session_completed,bmi-calculator,0,mcq-variablen-19,code-variablen-2,
P015,B,2025-12-21T11:31:00.819Z,ai_drill_selection,bmi-calculator,0,,,
P015,B,2025-12-21T11:31:33.496Z,drill_attempt,,0,,,
P015,B,2025-12-21T11:32:17.518Z,drill_attempt,,0,,,
P015,B,2025-12-21T11:32:25.233Z,drill_attempt,,0,,,
P015,B,2025-12-21T11:32:27.047Z,drill_session_completed,bmi-calculator,0,mcq-strings-4,code-strings-4,
P015,B,2025-12-21T11:41:29.368Z,ai_drill_selection,bmi-calculator,0,,,
P015,B,2025-12-21T11:41:34.393Z,drill_attempt,,0,,,
P015,B,2025-12-21T11:42:11.153Z,drill_attempt,,0,,,
P015,B,2025-12-21T11:42:16.110Z,drill_session_completed,bmi-calculator,0,mcq-bedingungen-1,code-bedingungen-3,
P015,B,2025-12-21T11:47:15.905Z,ai_drill_selection,bmi-calculator,0,,,
P015,B,2025-12-21T11:47:20.751Z,drill_attempt,,0,,,
P015,B,2025-12-21T11:48:46.796Z,drill_attempt,,0,,,
P015,B,2025-12-21T11:48:49.981Z,drill_session_completed,bmi-calculator,0,mcq-bedingungen-9,code-bedingungen-2,
P015,B,2025-12-21T11:51:39.661Z,ai_drill_selection,bmi-calculator,0,,,
P015,B,2025-12-21T11:52:59.710Z,drill_attempt,,0,,,
P015,B,2025-12-21T11:53:33.606Z,drill_attempt,,0,,,
P015,B,2025-12-21T11:53:36.281Z,drill_session_completed,bmi-calculator,0,mcq-bedingungen-12,code-bedingungen-4,
P015,B,2025-12-21T11:55:37.763Z,ai_drill_selection,bmi-calculator,0,,,
P015,B,2025-12-21T11:55:53.594Z,drill_attempt,,0,,,
P015,B,2025-12-21T11:57:00.932Z,drill_attempt,,0,,,
P015,B,2025-12-21T11:57:18.415Z,drill_attempt,,0,,,
P015,B,2025-12-21T11:57:18.729Z,drill_attempt,,0,,,
P015,B,2025-12-21T11:57:23.775Z,drill_attempt,,0,,,
P015,B,2025-12-21T11:57:47.345Z,drill_attempt,,0,,,
P015,B,2025-12-21T11:57:49.365Z,drill_session_completed,bmi-calculator,0,mcq-bedingungen-13,code-bedingungen-5,
P015,B,2025-12-21T11:58:34.838Z,ai_drill_selection,bmi-calculator,0,,,
P015,B,2025-12-21T11:59:17.306Z,drill_attempt,,0,,,
P015,B,2025-12-21T11:59:55.823Z,drill_attempt,,0,,,
P015,B,2025-12-21T11:59:57.863Z,drill_session_completed,bmi-calculator,0,mcq-bedingungen-14,code-bedingungen-6,
P015,B,2025-12-21T12:04:10.403Z,ai_drill_selection,interest-calculator,0,,,
P015,B,2025-12-21T12:04:18.499Z,drill_attempt,,0,,,
P015,B,2025-12-21T12:04:51.662Z,drill_attempt,,0,,,
P015,B,2025-12-21T12:04:56.212Z,drill_attempt,,0,,,
P015,B,2025-12-21T12:05:00.029Z,drill_session_completed,interest-calculator,0,mcq-strings-10,code-strings-7,
P015,B,2025-12-21T12:07:47.046Z,ai_drill_selection,interest-calculator,0,,,
P015,B,2025-12-21T12:08:13.249Z,drill_attempt,,0,,,
P015,B,2025-12-21T12:09:02.781Z,drill_attempt,,0,,,
P015,B,2025-12-21T12:09:07.837Z,drill_session_completed,interest-calculator,0,mcq-datentypen-8,code-datentypen-5,
P015,B,2025-12-21T12:17:14.500Z,ai_drill_selection,interest-calculator,0,,,
P015,B,2025-12-21T12:17:26.389Z,drill_attempt,,0,,,
P015,B,2025-12-21T12:17:35.341Z,drill_attempt,,0,,,
P015,B,2025-12-21T12:17:40.297Z,drill_attempt,,0,,,
P015,B,2025-12-21T12:18:20.010Z,drill_attempt,,0,,,
P015,B,2025-12-21T12:18:24.708Z,drill_attempt,,0,,,
P015,B,2025-12-21T12:18:29.695Z,drill_attempt,,0,,,
P015,B,2025-12-21T12:18:33.483Z,drill_session_completed,interest-calculator,0,mcq-schleifen-1,code-schleifen-1,
P015,B,2025-12-21T12:22:17.913Z,ai_drill_selection,interest-calculator,0,,,
P015,B,2025-12-21T12:22:40.296Z,drill_attempt,,0,,,
P015,B,2025-12-21T12:23:28.442Z,drill_attempt,,0,,,
P015,B,2025-12-21T12:23:31.357Z,drill_session_completed,interest-calculator,0,mcq-schleifen-3,code-schleifen-3,
P015,B,2025-12-21T12:28:08.058Z,ai_drill_selection,interest-calculator,0,,,
P015,B,2025-12-21T12:28:13.630Z,drill_attempt,,0,,,
P015,B,2025-12-21T12:28:57.942Z,drill_attempt,,0,,,
P015,B,2025-12-21T12:29:07.288Z,drill_attempt,,0,,,
P015,B,2025-12-21T12:29:09.845Z,drill_attempt,,0,,,
P015,B,2025-12-21T12:29:21.619Z,drill_attempt,,0,,,
P015,B,2025-12-21T12:29:34.715Z,drill_session_completed,interest-calculator,0,mcq-listen-5,code-listen-1,
P015,B,2025-12-21T12:31:56.026Z,ai_drill_selection,interest-calculator,0,,,
P015,B,2025-12-21T12:32:10.207Z,drill_attempt,,0,,,
P015,B,2025-12-21T12:34:51.736Z,drill_attempt,,0,,,
P015,B,2025-12-21T12:34:56.379Z,drill_attempt,,0,,,
P015,B,2025-12-21T12:36:20.482Z,drill_attempt,,0,,,
P015,B,2025-12-21T12:36:29.913Z,drill_session_completed,interest-calculator,0,mcq-schleifen-6,code-schleifen-2,
P015,B,2025-12-21T12:49:46.269Z,ai_drill_selection,interest-calculator,0,,,
P015,B,2025-12-21T12:49:57.777Z,drill_attempt,,0,,,
P015,B,2025-12-21T12:51:00.561Z,drill_attempt,,0,,,
P015,B,2025-12-21T12:51:27.956Z,drill_attempt,,0,,,
P015,B,2025-12-21T12:51:51.113Z,drill_attempt,,0,,,
P015,B,2025-12-21T12:52:01.883Z,drill_attempt,,0,,,
P015,B,2025-12-21T12:52:04.641Z,drill_attempt,,0,,,
P015,B,2025-12-21T12:52:09.391Z,drill_attempt,,0,,,
P015,B,2025-12-21T12:52:15.392Z,drill_session_completed,interest-calculator,0,mcq-bedingungen-3,code-listen-4,
P015,B,2025-12-21T12:54:35.113Z,ai_drill_selection,interest-calculator,0,,,
P015,B,2025-12-21T12:54:51.713Z,drill_attempt,,0,,,
P015,B,2025-12-21T12:55:24.969Z,drill_attempt,,0,,,
P015,B,2025-12-21T12:55:29.495Z,drill_session_completed,interest-calculator,0,mcq-variablen-24,code-listen-3,
P017,A,2026-01-21T09:33:36.597Z,drill_shown,bmi-calculator,0,mcq-print-1,code-print-8,
P017,A,2026-01-21T09:33:40.027Z,drill_attempt,,0,,,
P017,A,2026-01-21T09:33:53.346Z,drill_attempt,,0,,,
P017,A,2026-01-21T09:33:56.002Z,drill_session_completed,bmi-calculator,0,mcq-print-1,code-print-8,
P017,A,2026-01-21T09:34:31.374Z,drill_shown,bmi-calculator,0,mcq-print-19,code-print-1,
P017,A,2026-01-21T09:34:37.351Z,drill_attempt,,0,,,
P017,A,2026-01-21T09:34:40.646Z,drill_attempt,,0,,,
P017,A,2026-01-21T09:34:43.389Z,drill_attempt,,0,,,
P017,A,2026-01-21T09:35:05.227Z,drill_attempt,,0,,,
P017,A,2026-01-21T09:35:07.016Z,drill_session_completed,bmi-calculator,0,mcq-print-19,code-print-1,
P017,A,2026-01-21T09:54:39.501Z,drill_shown,bmi-calculator,0,mcq-variablen-1,code-variablen-4,
P017,A,2026-01-21T09:54:44.925Z,drill_attempt,,0,,,
P017,A,2026-01-21T09:55:08.318Z,drill_attempt,,0,,,
P017,A,2026-01-21T09:55:15.401Z,drill_attempt,,0,,,
P017,A,2026-01-21T09:55:17.682Z,drill_session_completed,bmi-calculator,0,mcq-variablen-1,code-variablen-4,
P017,A,2026-01-21T09:55:47.279Z,drill_shown,bmi-calculator,0,mcq-print-21,code-datentypen-11,
P017,A,2026-01-21T09:55:56.261Z,drill_attempt,,0,,,
P017,A,2026-01-21T09:56:10.670Z,drill_attempt,,0,,,
P017,A,2026-01-21T09:56:12.749Z,drill_session_completed,bmi-calculator,0,mcq-print-21,code-datentypen-11,
P017,A,2026-01-21T09:57:17.353Z,drill_shown,bmi-calculator,0,mcq-print-16,code-variablen-1,
P017,A,2026-01-21T09:57:23.157Z,drill_attempt,,0,,,
P017,A,2026-01-21T09:57:40.734Z,drill_attempt,,0,,,
P017,A,2026-01-21T09:57:48.108Z,drill_attempt,,0,,,
P017,A,2026-01-21T09:57:49.900Z,drill_session_completed,bmi-calculator,0,mcq-print-16,code-variablen-1,
P017,A,2026-01-21T09:58:59.101Z,drill_shown,bmi-calculator,0,mcq-datentypen-5,code-strings-5,
P017,A,2026-01-21T09:59:08.589Z,drill_attempt,,0,,,
P017,A,2026-01-21T09:59:15.686Z,drill_attempt,,0,,,
P017,A,2026-01-21T09:59:17.344Z,drill_attempt,,0,,,
P017,A,2026-01-21T09:59:52.496Z,drill_attempt,,0,,,
P017,A,2026-01-21T09:59:54.707Z,drill_session_completed,bmi-calculator,0,mcq-datentypen-5,code-strings-5,
P017,A,2026-01-21T10:00:18.186Z,drill_shown,bmi-calculator,0,mcq-print-9,code-datentypen-3,
P017,A,2026-01-21T10:00:23.379Z,drill_attempt,,0,,,
P017,A,2026-01-21T10:00:35.403Z,drill_attempt,,0,,,
P017,A,2026-01-21T10:00:37.742Z,drill_session_completed,bmi-calculator,0,mcq-print-9,code-datentypen-3,
P017,A,2026-01-21T10:01:34.998Z,drill_shown,bmi-calculator,0,mcq-datentypen-2,code-strings-4,
P017,A,2026-01-21T10:01:41.845Z,drill_attempt,,0,,,
P017,A,2026-01-21T10:02:04.439Z,drill_attempt,,0,,,
P017,A,2026-01-21T10:02:06.058Z,drill_session_completed,bmi-calculator,0,mcq-datentypen-2,code-strings-4,
P017,A,2026-01-21T10:03:46.532Z,drill_shown,bmi-calculator,0,mcq-bedingungen-25,code-bedingungen-4,
P017,A,2026-01-21T10:03:52.536Z,drill_attempt,,0,,,
P017,A,2026-01-21T10:04:11.085Z,drill_attempt,,0,,,
P017,A,2026-01-21T10:04:12.840Z,drill_session_completed,bmi-calculator,0,mcq-bedingungen-25,code-bedingungen-4,
P017,A,2026-01-21T10:05:23.705Z,drill_shown,bmi-calculator,0,mcq-variablen-14,code-variablen-2,
P017,A,2026-01-21T10:05:28.469Z,drill_attempt,,0,,,
P017,A,2026-01-21T10:05:39.906Z,drill_attempt,,0,,,
P017,A,2026-01-21T10:05:42.494Z,drill_session_completed,bmi-calculator,0,mcq-variablen-14,code-variablen-2,
P017,A,2026-01-21T10:06:40.382Z,drill_shown,bmi-calculator,0,mcq-strings-4,code-strings-6,
P017,A,2026-01-21T10:06:47.088Z,drill_attempt,,0,,,
P017,A,2026-01-21T10:07:03.663Z,drill_attempt,,0,,,
P017,A,2026-01-21T10:07:05.324Z,drill_session_completed,bmi-calculator,0,mcq-strings-4,code-strings-6,
P017,A,2026-01-21T10:07:29.826Z,drill_shown,bmi-calculator,0,mcq-bedingungen-7,code-variablen-6,
P017,A,2026-01-21T10:07:36.912Z,drill_attempt,,0,,,
P017,A,2026-01-21T10:07:51.733Z,drill_attempt,,0,,,
P017,A,2026-01-21T10:07:53.592Z,drill_session_completed,bmi-calculator,0,mcq-bedingungen-7,code-variablen-6,
P019,A,2026-01-11T18:18:01.201Z,drill_shown,bmi-calculator,0,mcq-print-8,code-print-1,
P019,A,2026-01-11T18:18:11.624Z,drill_attempt,,0,,,
P019,A,2026-01-11T18:18:32.275Z,drill_attempt,,0,,,
P019,A,2026-01-11T18:19:19.152Z,drill_attempt,,0,,,
P019,A,2026-01-11T18:19:30.227Z,drill_session_completed,bmi-calculator,0,mcq-print-8,code-print-1,
P019,A,2026-01-11T18:21:08.642Z,drill_shown,bmi-calculator,0,mcq-print-21,code-print-8,
P019,A,2026-01-11T18:21:26.865Z,drill_attempt,,0,,,
P019,A,2026-01-11T18:22:11.750Z,drill_attempt,,0,,,
P019,A,2026-01-11T18:22:14.894Z,drill_attempt,,0,,,
P019,A,2026-01-11T18:22:20.182Z,drill_session_completed,bmi-calculator,0,mcq-print-21,code-print-8,
P019,A,2026-01-11T18:25:30.625Z,drill_shown,bmi-calculator,0,mcq-variablen-1,code-variablen-4,
P019,A,2026-01-11T18:25:44.736Z,drill_attempt,,0,,,
P019,A,2026-01-11T18:26:54.988Z,drill_attempt,,0,,,
P019,A,2026-01-11T18:27:23.568Z,drill_attempt,,0,,,
P019,A,2026-01-11T18:27:43.665Z,drill_session_completed,bmi-calculator,0,mcq-variablen-1,code-variablen-4,
P019,A,2026-01-11T18:29:53.576Z,drill_shown,bmi-calculator,0,mcq-variablen-8,code-datentypen-2,
P019,A,2026-01-11T18:30:22.932Z,drill_attempt,,0,,,
P019,A,2026-01-11T18:32:29.565Z,drill_attempt,,0,,,
P019,A,2026-01-11T18:32:36.340Z,drill_session_completed,bmi-calculator,0,mcq-variablen-8,code-datentypen-2,
P019,A,2026-01-11T18:36:48.541Z,drill_shown,bmi-calculator,0,mcq-datentypen-12,code-datentypen-11,
P019,A,2026-01-11T18:37:12.714Z,drill_attempt,,0,,,
P019,A,2026-01-11T18:38:12.889Z,drill_attempt,,0,,,
P019,A,2026-01-11T18:38:21.895Z,drill_session_completed,bmi-calculator,0,mcq-datentypen-12,code-datentypen-11,
P019,A,2026-01-11T18:41:10.786Z,drill_shown,bmi-calculator,0,mcq-print-6,code-datentypen-3,
P019,A,2026-01-11T18:41:30.638Z,drill_attempt,,0,,,
P019,A,2026-01-11T18:42:33.108Z,drill_attempt,,0,,,
P019,A,2026-01-11T18:42:42.356Z,drill_session_completed,bmi-calculator,0,mcq-print-6,code-datentypen-3,
P019,A,2026-01-11T18:44:24.820Z,drill_shown,bmi-calculator,0,mcq-print-10,code-print-5,
P019,A,2026-01-11T18:44:44.700Z,drill_attempt,,0,,,
P019,A,2026-01-11T18:45:20.742Z,drill_attempt,,0,,,
P019,A,2026-01-11T18:46:17.925Z,drill_attempt,,0,,,
P019,A,2026-01-11T18:46:22.445Z,drill_session_completed,bmi-calculator,0,mcq-print-10,code-print-5,
P019,A,2026-01-11T18:49:24.929Z,drill_shown,bmi-calculator,0,mcq-bedingungen-4,code-strings-6,
P019,A,2026-01-11T18:49:29.672Z,drill_attempt,,0,,,
P019,A,2026-01-11T18:50:53.124Z,drill_attempt,,0,,,
P019,A,2026-01-11T18:51:08.442Z,drill_attempt,,0,,,
P019,A,2026-01-11T18:51:10.035Z,drill_attempt,,0,,,
P019,A,2026-01-11T18:51:20.364Z,drill_attempt,,0,,,
P019,A,2026-01-11T18:51:31.591Z,drill_attempt,,0,,,
P019,A,2026-01-11T18:52:03.682Z,drill_attempt,,0,,,
P019,A,2026-01-11T18:52:04.894Z,drill_attempt,,0,,,
P019,A,2026-01-11T18:54:35.369Z,drill_attempt,,0,,,
P019,A,2026-01-11T18:54:36.879Z,drill_attempt,,0,,,
P019,A,2026-01-11T18:55:46.444Z,drill_attempt,,0,,,
P019,A,2026-01-11T18:55:48.166Z,drill_attempt,,0,,,
P019,A,2026-01-11T18:55:48.767Z,drill_attempt,,0,,,
P019,A,2026-01-11T19:07:19.705Z,drill_attempt,,0,,,
P019,A,2026-01-11T19:07:21.726Z,drill_attempt,,0,,,
P019,A,2026-01-11T19:07:22.648Z,drill_attempt,,0,,,
P019,A,2026-01-11T19:07:23.985Z,drill_attempt,,0,,,
P019,A,2026-01-11T19:07:55.627Z,drill_attempt,,0,,,
P019,A,2026-01-11T19:08:18.010Z,drill_session_completed,bmi-calculator,0,mcq-bedingungen-4,code-strings-6,
P019,A,2026-01-11T19:12:19.733Z,drill_shown,bmi-calculator,0,mcq-bedingungen-7,code-strings-3,
P019,A,2026-01-11T19:13:02.142Z,drill_attempt,,0,,,
P019,A,2026-01-11T19:13:49.109Z,drill_attempt,,0,,,
P019,A,2026-01-11T19:14:16.848Z,drill_attempt,,0,,,
P019,A,2026-01-11T19:14:27.237Z,drill_attempt,,0,,,
P019,A,2026-01-11T19:14:47.390Z,drill_attempt,,0,,,
P019,A,2026-01-11T19:15:00.659Z,drill_attempt,,0,,,
P019,A,2026-01-11T19:15:11.506Z,drill_attempt,,0,,,
P019,A,2026-01-11T19:17:06.921Z,drill_attempt,,0,,,
P019,A,2026-01-11T19:17:08.645Z,drill_attempt,,0,,,
P019,A,2026-01-11T19:17:09.047Z,drill_attempt,,0,,,
P019,A,2026-01-11T19:18:01.527Z,drill_attempt,,0,,,
P019,A,2026-01-11T19:18:27.882Z,drill_attempt,,0,,,
P019,A,2026-01-11T19:20:14.033Z,drill_attempt,,0,,,
P019,A,2026-01-11T19:20:21.045Z,drill_session_completed,bmi-calculator,0,mcq-bedingungen-7,code-strings-3,
P019,A,2026-01-11T19:24:04.395Z,drill_shown,bmi-calculator,0,mcq-datentypen-7,code-datentypen-4,
P019,A,2026-01-11T19:24:24.171Z,drill_attempt,,0,,,
P019,A,2026-01-11T19:25:15.940Z,drill_attempt,,0,,,
P019,A,2026-01-11T19:25:26.171Z,drill_session_completed,bmi-calculator,0,mcq-datentypen-7,code-datentypen-4,
P019,A,2026-01-11T19:28:11.491Z,drill_shown,bmi-calculator,0,mcq-bedingungen-22,code-bedingungen-1,
P019,A,2026-01-11T19:28:23.977Z,drill_attempt,,0,,,
P019,A,2026-01-11T19:29:34.160Z,drill_attempt,,0,,,
P019,A,2026-01-11T19:29:51.742Z,drill_attempt,,0,,,
P019,A,2026-01-11T19:30:11.956Z,drill_attempt,,0,,,
P019,A,2026-01-11T19:30:17.209Z,drill_session_completed,bmi-calculator,0,mcq-bedingungen-22,code-bedingungen-1,
P019,A,2026-01-11T19:31:03.894Z,drill_shown,bmi-calculator,0,mcq-bedingungen-10,code-bedingungen-5,
P019,A,2026-01-11T19:31:28.602Z,drill_attempt,,0,,,
P019,A,2026-01-11T19:32:47.214Z,drill_attempt,,0,,,
P019,A,2026-01-11T19:32:51.416Z,drill_session_completed,bmi-calculator,0,mcq-bedingungen-10,code-bedingungen-5,
P020,B,2026-01-20T20:59:47.510Z,ai_drill_selection,bmi-calculator,0,,,
P020,B,2026-01-20T20:59:51.770Z,drill_attempt,,0,,,
P020,B,2026-01-20T21:00:04.477Z,drill_attempt,,0,,,
P020,B,2026-01-20T21:00:07.590Z,drill_session_completed,bmi-calculator,0,mcq-print-1,code-print-1,
P020,B,2026-01-20T21:00:47.820Z,ai_drill_selection,bmi-calculator,0,,,
P020,B,2026-01-20T21:00:54.274Z,drill_attempt,,0,,,
P020,B,2026-01-20T21:01:15.560Z,drill_attempt,,0,,,
P020,B,2026-01-20T21:01:21.842Z,drill_session_completed,bmi-calculator,0,mcq-print-2,code-print-2,
P020,B,2026-01-20T21:02:45.093Z,ai_drill_selection,bmi-calculator,0,,,
P020,B,2026-01-20T21:02:52.586Z,drill_attempt,,0,,,
P020,B,2026-01-20T21:03:05.922Z,drill_attempt,,0,,,
P020,B,2026-01-20T21:03:07.189Z,drill_session_completed,bmi-calculator,0,mcq-variablen-1,code-variablen-1,
P020,B,2026-01-20T21:03:44.875Z,ai_drill_selection,bmi-calculator,0,,,
P020,B,2026-01-20T21:03:51.372Z,drill_attempt,,0,,,
P020,B,2026-01-20T21:04:30.072Z,drill_attempt,,0,,,
P020,B,2026-01-20T21:04:32.449Z,drill_session_completed,bmi-calculator,0,mcq-datentypen-1,code-datentypen-2,
P020,B,2026-01-20T21:05:37.231Z,ai_drill_selection,bmi-calculator,0,,,
P020,B,2026-01-20T21:05:41.496Z,drill_attempt,,0,,,
P020,B,2026-01-20T21:06:09.154Z,drill_attempt,,0,,,
P020,B,2026-01-20T21:06:17.206Z,drill_attempt,,0,,,
P020,B,2026-01-20T21:06:19.144Z,drill_session_completed,bmi-calculator,0,mcq-strings-1,code-strings-6,
P020,B,2026-01-20T21:08:16.227Z,ai_drill_selection,bmi-calculator,0,,,
P020,B,2026-01-20T21:08:22.655Z,drill_attempt,,0,,,
P020,B,2026-01-20T21:08:34.416Z,drill_attempt,,0,,,
P020,B,2026-01-20T21:08:36.278Z,drill_session_completed,bmi-calculator,0,mcq-variablen-5,code-variablen-2,
P020,B,2026-01-20T21:09:24.343Z,ai_drill_selection,bmi-calculator,0,,,
P020,B,2026-01-20T21:09:34.444Z,drill_attempt,,0,,,
P020,B,2026-01-20T21:10:01.001Z,drill_attempt,,0,,,
P020,B,2026-01-20T21:10:02.813Z,drill_session_completed,bmi-calculator,0,mcq-strings-9,code-strings-4,
P020,B,2026-01-20T21:10:40.981Z,ai_drill_selection,bmi-calculator,0,,,
P020,B,2026-01-20T21:10:44.334Z,drill_attempt,,0,,,
P020,B,2026-01-20T21:11:22.331Z,drill_attempt,,0,,,
P020,B,2026-01-20T21:11:24.885Z,drill_session_completed,bmi-calculator,0,mcq-bedingungen-1,code-bedingungen-4,
P020,B,2026-01-20T21:12:45.383Z,ai_drill_selection,bmi-calculator,0,,,
P020,B,2026-01-20T21:12:49.575Z,drill_attempt,,0,,,
P020,B,2026-01-20T21:13:48.044Z,drill_attempt,,0,,,
P020,B,2026-01-20T21:13:54.876Z,drill_attempt,,0,,,
P020,B,2026-01-20T21:13:56.367Z,drill_session_completed,bmi-calculator,0,mcq-bedingungen-9,code-bedingungen-2,
P020,B,2026-01-20T21:14:59.405Z,ai_drill_selection,bmi-calculator,0,,,
P020,B,2026-01-20T21:15:06.794Z,drill_attempt,,0,,,
P020,B,2026-01-20T21:15:28.021Z,drill_attempt,,0,,,
P020,B,2026-01-20T21:15:30.039Z,drill_session_completed,bmi-calculator,0,mcq-bedingungen-21,code-bedingungen-1,
P020,B,2026-01-20T21:16:18.131Z,ai_drill_selection,bmi-calculator,0,,,
P020,B,2026-01-20T21:16:23.163Z,drill_attempt,,0,,,
P020,B,2026-01-20T21:17:18.762Z,drill_attempt,,0,,,
P020,B,2026-01-20T21:17:20.750Z,drill_session_completed,bmi-calculator,0,mcq-bedingungen-19,code-bedingungen-5,
P020,B,2026-01-20T21:18:24.973Z,ai_drill_selection,bmi-calculator,0,,,
P020,B,2026-01-20T21:18:31.383Z,drill_attempt,,0,,,
P020,B,2026-01-20T21:18:46.796Z,drill_attempt,,0,,,
P020,B,2026-01-20T21:18:49.210Z,drill_session_completed,bmi-calculator,0,mcq-bedingungen-3,code-variablen-6,
P021,A,2026-01-13T20:36:45.818Z,drill_shown,bmi-calculator,0,mcq-print-8,code-print-8,
P021,A,2026-01-13T20:36:52.284Z,drill_attempt,,0,,,
P021,A,2026-01-13T20:37:09.643Z,drill_attempt,,0,,,
P021,A,2026-01-13T20:37:14.707Z,drill_session_completed,bmi-calculator,0,mcq-print-8,code-print-8,
P021,A,2026-01-13T20:38:35.070Z,drill_shown,bmi-calculator,0,mcq-print-2,code-print-9,
P021,A,2026-01-13T20:38:42.186Z,drill_attempt,,0,,,
P021,A,2026-01-13T20:39:07.598Z,drill_attempt,,0,,,
P021,A,2026-01-13T20:39:09.360Z,drill_session_completed,bmi-calculator,0,mcq-print-2,code-print-9,
P022,A,2025-12-26T09:01:00.032Z,drill_shown,bmi-calculator,0,mcq-print-2,code-print-3,
P022,A,2025-12-26T09:01:09.944Z,drill_attempt,,0,,,
P022,A,2025-12-26T09:01:34.659Z,drill_attempt,,0,,,
P022,A,2025-12-26T09:01:49.951Z,drill_attempt,,0,,,
P022,A,2025-12-26T09:01:53.989Z,drill_session_completed,bmi-calculator,0,mcq-print-2,code-print-3,
P022,A,2025-12-26T09:02:27.779Z,drill_shown,bmi-calculator,0,mcq-print-18,code-print-1,
P022,A,2025-12-26T09:02:41.079Z,drill_attempt,,0,,,
P022,A,2025-12-26T09:02:53.880Z,drill_attempt,,0,,,
P022,A,2025-12-26T09:03:02.501Z,drill_attempt,,0,,,
P022,A,2025-12-26T09:03:04.759Z,drill_session_completed,bmi-calculator,0,mcq-print-18,code-print-1,
P022,A,2025-12-26T09:04:17.285Z,drill_shown,bmi-calculator,0,mcq-variablen-2,code-variablen-5,
P022,A,2025-12-26T09:04:23.297Z,drill_attempt,,0,,,
P022,A,2025-12-26T09:04:38.251Z,drill_attempt,,0,,,
P022,A,2025-12-26T09:04:45.011Z,drill_attempt,,0,,,
P022,A,2025-12-26T09:04:48.060Z,drill_session_completed,bmi-calculator,0,mcq-variablen-2,code-variablen-5,
P022,A,2025-12-26T09:05:31.352Z,drill_shown,bmi-calculator,0,mcq-print-25,code-datentypen-11,
P022,A,2025-12-26T09:05:38.187Z,drill_attempt,,0,,,
P022,A,2025-12-26T09:05:53.143Z,drill_attempt,,0,,,
P022,A,2025-12-26T09:05:56.479Z,drill_session_completed,bmi-calculator,0,mcq-print-25,code-datentypen-11,
P022,A,2025-12-26T09:06:58.038Z,drill_shown,bmi-calculator,0,mcq-datentypen-12,code-strings-5,
P022,A,2025-12-26T09:07:02.567Z,drill_attempt,,0,,,
P022,A,2025-12-26T09:07:27.935Z,drill_attempt,,0,,,
P022,A,2025-12-26T09:07:32.186Z,drill_session_completed,bmi-calculator,0,mcq-datentypen-12,code-strings-5,
P022,A,2025-12-26T09:09:41.135Z,drill_shown,bmi-calculator,0,mcq-datentypen-7,code-print-8,
P022,A,2025-12-26T09:09:46.053Z,drill_attempt,,0,,,
P022,A,2025-12-26T09:10:12.808Z,drill_attempt,,0,,,
P022,A,2025-12-26T09:10:39.382Z,drill_attempt,,0,,,
P022,A,2025-12-26T09:10:41.194Z,drill_attempt,,0,,,
P022,A,2025-12-26T09:10:44.778Z,drill_attempt,,0,,,
P022,A,2025-12-26T09:10:57.894Z,drill_attempt,,0,,,
P022,A,2025-12-26T09:11:07.125Z,drill_attempt,,0,,,
P022,A,2025-12-26T09:11:09.886Z,drill_session_completed,bmi-calculator,0,mcq-datentypen-7,code-print-8,
P022,A,2025-12-26T09:11:39.244Z,drill_shown,bmi-calculator,0,mcq-strings-9,code-print-7,
P022,A,2025-12-26T09:11:48.827Z,drill_attempt,,0,,,
P022,A,2025-12-26T09:12:12.382Z,drill_attempt,,0,,,
P022,A,2025-12-26T09:12:17.312Z,drill_session_completed,bmi-calculator,0,mcq-strings-9,code-print-7,
P022,A,2025-12-26T09:14:53.107Z,drill_shown,bmi-calculator,0,mcq-bedingungen-4,code-bedingungen-1,
P022,A,2025-12-26T09:14:55.916Z,drill_attempt,,0,,,
P022,A,2025-12-26T09:15:30.297Z,drill_attempt,,0,,,
P022,A,2025-12-26T09:15:41.910Z,drill_attempt,,0,,,
P022,A,2025-12-26T09:15:47.628Z,drill_attempt,,0,,,
P022,A,2025-12-26T09:15:51.456Z,drill_attempt,,0,,,
P022,A,2025-12-26T09:15:54.932Z,drill_session_completed,bmi-calculator,0,mcq-bedingungen-4,code-bedingungen-1,
P022,A,2025-12-26T09:18:45.848Z,drill_shown,bmi-calculator,0,mcq-strings-3,code-strings-4,
P022,A,2025-12-26T09:18:50.222Z,drill_attempt,,0,,,
P022,A,2025-12-26T09:19:08.776Z,drill_attempt,,0,,,
P022,A,2025-12-26T09:19:14.000Z,drill_attempt,,0,,,
P022,A,2025-12-26T09:19:16.267Z,drill_session_completed,bmi-calculator,0,mcq-strings-3,code-strings-4,
P022,A,2025-12-26T09:21:37.091Z,drill_shown,bmi-calculator,0,mcq-bedingungen-1,code-bedingungen-4,
P022,A,2025-12-26T09:21:41.876Z,drill_attempt,,0,,,
P022,A,2025-12-26T09:22:06.433Z,drill_attempt,,0,,,
P022,A,2025-12-26T09:22:09.489Z,drill_session_completed,bmi-calculator,0,mcq-bedingungen-1,code-bedingungen-4,
P022,A,2025-12-26T09:23:27.928Z,drill_shown,bmi-calculator,0,mcq-print-24,code-bedingungen-6,
P022,A,2025-12-26T09:23:31.601Z,drill_attempt,,0,,,
P022,A,2025-12-26T09:24:06.786Z,drill_attempt,,0,,,
P022,A,2025-12-26T09:24:29.045Z,drill_attempt,,0,,,
P022,A,2025-12-26T09:24:30.383Z,drill_attempt,,0,,,
P022,A,2025-12-26T09:24:34.152Z,drill_attempt,,0,,,
P022,A,2025-12-26T09:24:36.495Z,drill_session_completed,bmi-calculator,0,mcq-print-24,code-bedingungen-6,
P022,A,2025-12-26T09:25:10.026Z,drill_shown,bmi-calculator,0,mcq-bedingungen-5,code-datentypen-4,
P022,A,2025-12-26T09:25:14.995Z,drill_attempt,,0,,,
P022,A,2025-12-26T09:26:00.675Z,drill_attempt,,0,,,
P022,A,2025-12-26T09:26:34.502Z,drill_session_completed,bmi-calculator,0,mcq-bedingungen-5,code-datentypen-4,
P023,B,2025-12-27T21:10:27.405Z,ai_drill_selection,bmi-calculator,0,,,
P023,B,2025-12-27T21:10:38.555Z,drill_attempt,,0,,,
P023,B,2025-12-27T21:10:44.530Z,drill_attempt,,0,,,
P023,B,2025-12-27T21:11:14.053Z,drill_attempt,,0,,,
P023,B,2025-12-27T21:11:16.942Z,drill_session_completed,bmi-calculator,0,mcq-print-1,code-print-1,
P023,B,2025-12-27T21:12:21.627Z,ai_drill_selection,bmi-calculator,0,,,
P023,B,2025-12-27T21:12:40.062Z,drill_attempt,,0,,,
P023,B,2025-12-27T21:13:11.907Z,drill_attempt,,0,,,
P023,B,2025-12-27T21:13:14.472Z,drill_session_completed,bmi-calculator,0,mcq-print-2,code-print-3,
P023,B,2025-12-27T21:14:56.449Z,ai_drill_selection,bmi-calculator,0,,,
P023,B,2025-12-27T21:15:00.848Z,drill_attempt,,0,,,
P023,B,2025-12-27T21:15:52.903Z,drill_attempt,,0,,,
P023,B,2025-12-27T21:15:55.265Z,drill_session_completed,bmi-calculator,0,mcq-variablen-1,code-variablen-1,
P023,B,2025-12-27T21:16:46.643Z,ai_drill_selection,bmi-calculator,0,,,
P023,B,2025-12-27T21:17:00.182Z,drill_attempt,,0,,,
P023,B,2025-12-27T21:19:25.163Z,drill_attempt,,0,,,
P023,B,2025-12-27T21:20:14.861Z,drill_attempt,,0,,,
P023,B,2025-12-27T21:20:46.054Z,drill_attempt,,0,,,
P023,B,2025-12-27T21:24:16.707Z,drill_attempt,,0,,,
P023,B,2025-12-27T21:24:28.343Z,drill_attempt,,0,,,
P023,B,2025-12-27T21:28:49.548Z,drill_attempt,,0,,,
P023,B,2025-12-27T21:29:01.876Z,drill_attempt,,0,,,
P023,B,2025-12-27T21:29:55.288Z,drill_attempt,,0,,,
P023,B,2025-12-27T21:30:16.155Z,drill_attempt,,0,,,
P023,B,2025-12-27T21:30:21.711Z,drill_session_completed,bmi-calculator,0,mcq-datentypen-1,code-datentypen-2,
P023,B,2025-12-27T21:34:10.478Z,ai_drill_selection,bmi-calculator,0,,,
P023,B,2025-12-27T21:36:02.291Z,drill_attempt,,0,,,
P023,B,2025-12-27T21:36:30.548Z,drill_attempt,,0,,,
P023,B,2025-12-27T21:36:50.891Z,drill_attempt,,0,,,
P023,B,2025-12-27T21:36:53.939Z,drill_session_completed,bmi-calculator,0,mcq-variablen-2,code-variablen-4,
P023,B,2025-12-27T21:45:15.925Z,ai_drill_selection,bmi-calculator,0,,,
P023,B,2025-12-27T21:45:31.135Z,drill_attempt,,0,,,
P023,B,2025-12-27T21:46:35.486Z,drill_attempt,,0,,,
P023,B,2025-12-27T21:46:38.441Z,drill_session_completed,bmi-calculator,0,mcq-variablen-7,code-variablen-2,
P023,B,2025-12-27T21:49:48.113Z,ai_drill_selection,bmi-calculator,0,,,
P023,B,2025-12-27T21:50:10.274Z,drill_attempt,,0,,,
P023,B,2025-12-27T21:51:55.060Z,drill_attempt,,0,,,
P023,B,2025-12-27T21:51:58.393Z,drill_session_completed,bmi-calculator,0,mcq-strings-4,code-strings-4,
P023,B,2025-12-27T21:56:03.478Z,ai_drill_selection,bmi-calculator,0,,,
P023,B,2025-12-27T21:56:13.572Z,drill_attempt,,0,,,
P023,B,2025-12-27T21:57:27.598Z,drill_attempt,,0,,,
P023,B,2025-12-27T21:57:30.166Z,drill_session_completed,bmi-calculator,0,mcq-bedingungen-1,code-bedingungen-3,
P023,B,2025-12-27T22:00:54.851Z,ai_drill_selection,bmi-calculator,0,,,
P023,B,2025-12-27T22:01:03.981Z,drill_attempt,,0,,,
P023,B,2025-12-27T22:03:48.986Z,drill_attempt,,0,,,
P023,B,2025-12-27T22:04:40.390Z,drill_attempt,,0,,,
P023,B,2025-12-27T22:04:41.821Z,drill_attempt,,0,,,
P023,B,2025-12-27T22:09:36.071Z,drill_attempt,,0,,,
P023,B,2025-12-27T22:09:53.967Z,drill_attempt,,0,,,
P023,B,2025-12-27T22:09:57.898Z,drill_session_completed,bmi-calculator,0,mcq-bedingungen-9,code-bedingungen-2,
P023,B,2025-12-27T22:17:56.654Z,ai_drill_selection,bmi-calculator,0,,,
P023,B,2025-12-27T22:18:32.940Z,drill_attempt,,0,,,
P023,B,2025-12-27T22:19:39.055Z,drill_attempt,,0,,,
P023,B,2025-12-27T22:19:41.914Z,drill_session_completed,bmi-calculator,0,mcq-bedingungen-10,code-bedingungen-4,
P023,B,2025-12-27T22:28:05.688Z,ai_drill_selection,bmi-calculator,0,,,
P023,B,2025-12-27T22:28:23.549Z,drill_attempt,,0,,,
P023,B,2025-12-27T22:31:15.663Z,drill_attempt,,0,,,
P023,B,2025-12-27T22:31:18.752Z,drill_session_completed,bmi-calculator,0,mcq-bedingungen-13,code-bedingungen-5,
P023,B,2025-12-27T22:35:56.750Z,ai_drill_selection,bmi-calculator,0,,,
P023,B,2025-12-27T22:36:15.305Z,drill_attempt,,0,,,
P023,B,2025-12-27T22:40:53.429Z,drill_attempt,,0,,,
P023,B,2025-12-27T22:43:41.368Z,drill_attempt,,0,,,
P023,B,2025-12-27T22:43:52.650Z,drill_attempt,,0,,,
P023,B,2025-12-27T22:43:56.089Z,drill_session_completed,bmi-calculator,0,mcq-bedingungen-15,code-bedingungen-6,
P024,B,2026-01-07T20:48:00.481Z,ai_drill_selection,bmi-calculator,0,,,
P024,B,2026-01-07T20:48:05.296Z,drill_attempt,,0,,,
P024,B,2026-01-07T20:48:16.955Z,drill_attempt,,0,,,
P024,B,2026-01-07T20:48:19.436Z,drill_session_completed,bmi-calculator,0,mcq-print-1,code-print-1,
P024,B,2026-01-07T20:49:23.297Z,ai_drill_selection,bmi-calculator,0,,,
P024,B,2026-01-07T20:49:37.880Z,drill_attempt,,0,,,
P024,B,2026-01-07T20:50:00.031Z,drill_attempt,,0,,,
P024,B,2026-01-07T20:50:01.972Z,drill_session_completed,bmi-calculator,0,mcq-print-2,code-print-2,
P024,B,2026-01-07T20:51:12.194Z,ai_drill_selection,bmi-calculator,0,,,
P024,B,2026-01-07T20:51:28.438Z,drill_attempt,,0,,,
P024,B,2026-01-07T20:51:45.422Z,drill_attempt,,0,,,
P024,B,2026-01-07T20:51:47.005Z,drill_session_completed,bmi-calculator,0,mcq-variablen-1,code-variablen-1,
P024,B,2026-01-07T20:52:48.148Z,ai_drill_selection,bmi-calculator,0,,,
P024,B,2026-01-07T20:52:55.461Z,drill_attempt,,0,,,
P024,B,2026-01-07T20:53:11.060Z,drill_attempt,,0,,,
P024,B,2026-01-07T20:53:13.614Z,drill_session_completed,bmi-calculator,0,mcq-variablen-2,code-variablen-5,
P024,B,2026-01-07T20:54:57.309Z,ai_drill_selection,bmi-calculator,0,,,
P024,B,2026-01-07T20:55:08.521Z,drill_attempt,,0,,,
P024,B,2026-01-07T20:56:03.899Z,drill_attempt,,0,,,
P024,B,2026-01-07T20:56:06.140Z,drill_session_completed,bmi-calculator,0,mcq-strings-1,code-strings-5,
P024,B,2026-01-07T20:57:42.947Z,ai_drill_selection,bmi-calculator,0,,,
P024,B,2026-01-07T20:58:02.279Z,drill_attempt,,0,,,
P024,B,2026-01-07T20:58:26.660Z,drill_attempt,,0,,,
P024,B,2026-01-07T20:58:28.512Z,drill_session_completed,bmi-calculator,0,mcq-variablen-19,code-variablen-2,
P024,B,2026-01-07T20:59:14.889Z,ai_drill_selection,bmi-calculator,0,,,
P024,B,2026-01-07T20:59:25.922Z,drill_attempt,,0,,,
P024,B,2026-01-07T21:00:11.828Z,drill_attempt,,0,,,
P024,B,2026-01-07T21:00:13.711Z,drill_session_completed,bmi-calculator,0,mcq-strings-8,code-strings-4,
P024,B,2026-01-07T21:01:46.043Z,ai_drill_selection,bmi-calculator,0,,,
P024,B,2026-01-07T21:01:49.151Z,drill_attempt,,0,,,
P024,B,2026-01-07T21:02:31.431Z,drill_attempt,,0,,,
P024,B,2026-01-07T21:02:33.137Z,drill_session_completed,bmi-calculator,0,mcq-bedingungen-1,code-bedingungen-1,
P024,B,2026-01-07T21:04:33.009Z,ai_drill_selection,bmi-calculator,0,,,
P024,B,2026-01-07T21:04:44.237Z,drill_attempt,,0,,,
P024,B,2026-01-07T21:05:12.185Z,drill_attempt,,0,,,
P024,B,2026-01-07T21:05:13.796Z,drill_session_completed,bmi-calculator,0,mcq-bedingungen-2,code-bedingungen-3,
P024,B,2026-01-07T21:07:17.396Z,ai_drill_selection,bmi-calculator,0,,,
P024,B,2026-01-07T21:07:24.553Z,drill_attempt,,0,,,
P024,B,2026-01-07T21:08:29.417Z,drill_attempt,,0,,,
P024,B,2026-01-07T21:08:32.095Z,drill_session_completed,bmi-calculator,0,mcq-bedingungen-4,code-bedingungen-2,
P024,B,2026-01-07T21:14:22.020Z,ai_drill_selection,bmi-calculator,0,,,
P024,B,2026-01-07T21:14:26.672Z,drill_attempt,,0,,,
P024,B,2026-01-07T21:15:38.001Z,drill_attempt,,0,,,
P024,B,2026-01-07T21:15:40.049Z,drill_session_completed,bmi-calculator,0,mcq-bedingungen-13,code-bedingungen-5,
P024,B,2026-01-07T21:16:48.949Z,ai_drill_selection,bmi-calculator,0,,,
P024,B,2026-01-07T21:16:56.373Z,drill_attempt,,0,,,
P024,B,2026-01-07T21:17:34.762Z,drill_attempt,,0,,,
P024,B,2026-01-07T21:17:37.615Z,drill_session_completed,bmi-calculator,0,mcq-bedingungen-15,code-bedingungen-6,
P024,B,2026-01-12T18:00:10.208Z,ai_drill_selection,interest-calculator,0,,,
P024,B,2026-01-12T18:00:17.776Z,drill_attempt,,0,,,
P024,B,2026-01-12T18:00:50.720Z,drill_attempt,,0,,,
P024,B,2026-01-12T18:00:53.155Z,drill_session_completed,interest-calculator,0,mcq-strings-10,code-strings-7,
P024,B,2026-01-12T18:03:11.595Z,ai_drill_selection,interest-calculator,0,,,
P024,B,2026-01-12T18:03:31.904Z,drill_attempt,,0,,,
P024,B,2026-01-12T18:03:48.274Z,drill_attempt,,0,,,
P024,B,2026-01-12T18:04:37.744Z,drill_attempt,,0,,,
P024,B,2026-01-12T18:04:43.565Z,drill_attempt,,0,,,
P024,B,2026-01-12T18:04:45.636Z,drill_session_completed,interest-calculator,0,mcq-datentypen-6,code-datentypen-5,
P025,A,2025-12-26T16:32:22.807Z,drill_shown,bmi-calculator,0,mcq-print-13,code-print-8,
P025,A,2025-12-26T16:32:30.552Z,drill_attempt,,0,,,
P025,A,2025-12-26T16:32:58.034Z,drill_attempt,,0,,,
P025,A,2025-12-26T16:33:05.234Z,drill_session_completed,bmi-calculator,0,mcq-print-13,code-print-8,
P025,A,2025-12-26T16:34:33.939Z,drill_shown,bmi-calculator,0,mcq-print-3,code-print-4,
P025,A,2025-12-26T16:34:40.825Z,drill_attempt,,0,,,
P025,A,2025-12-26T16:34:49.200Z,drill_attempt,,0,,,
P025,A,2025-12-26T16:35:35.896Z,drill_attempt,,0,,,
P025,A,2025-12-26T16:35:52.573Z,drill_attempt,,0,,,
P025,A,2025-12-26T16:35:55.478Z,drill_session_completed,bmi-calculator,0,mcq-print-3,code-print-4,
P025,A,2025-12-26T16:37:41.011Z,drill_shown,bmi-calculator,0,mcq-print-8,code-print-9,
P025,A,2025-12-26T16:37:47.050Z,drill_attempt,,0,,,
P025,A,2025-12-26T16:38:37.573Z,drill_attempt,,0,,,
P025,A,2025-12-26T16:38:40.295Z,drill_session_completed,bmi-calculator,0,mcq-print-8,code-print-9,
P025,A,2025-12-26T16:39:55.845Z,drill_shown,bmi-calculator,0,mcq-datentypen-1,code-variablen-5,
P025,A,2025-12-26T16:40:03.998Z,drill_attempt,,0,,,
P025,A,2025-12-26T16:40:33.849Z,drill_attempt,,0,,,
P025,A,2025-12-26T16:40:37.723Z,drill_session_completed,bmi-calculator,0,mcq-datentypen-1,code-variablen-5,
P025,A,2025-12-26T16:43:07.218Z,drill_shown,bmi-calculator,0,mcq-strings-4,code-datentypen-2,
P025,A,2025-12-26T16:43:15.090Z,drill_attempt,,0,,,
P025,A,2025-12-26T16:44:58.398Z,drill_attempt,,0,,,
P025,A,2025-12-26T16:45:05.471Z,drill_session_completed,bmi-calculator,0,mcq-strings-4,code-datentypen-2,
P025,A,2025-12-26T16:50:08.175Z,drill_shown,bmi-calculator,0,mcq-datentypen-7,code-print-2,
P025,A,2025-12-26T16:50:18.850Z,drill_attempt,,0,,,
P025,A,2025-12-26T16:50:46.863Z,drill_attempt,,0,,,
P025,A,2025-12-26T16:50:49.644Z,drill_session_completed,bmi-calculator,0,mcq-datentypen-7,code-print-2,
P025,A,2025-12-26T16:51:54.245Z,drill_shown,bmi-calculator,0,mcq-print-16,code-datentypen-11,
P025,A,2025-12-26T16:52:00.280Z,drill_attempt,,0,,,
P025,A,2025-12-26T16:52:29.254Z,drill_attempt,,0,,,
P025,A,2025-12-26T16:52:38.399Z,drill_attempt,,0,,,
P025,A,2025-12-26T16:52:40.938Z,drill_session_completed,bmi-calculator,0,mcq-print-16,code-datentypen-11,
P025,A,2025-12-26T16:54:32.644Z,drill_shown,bmi-calculator,0,mcq-strings-16,code-datentypen-3,
P025,A,2025-12-26T16:54:41.573Z,drill_attempt,,0,,,
P025,A,2025-12-26T16:55:20.512Z,drill_attempt,,0,,,
P025,A,2025-12-26T16:55:26.674Z,drill_session_completed,bmi-calculator,0,mcq-strings-16,code-datentypen-3,
P025,A,2025-12-26T16:57:53.199Z,drill_shown,bmi-calculator,0,mcq-bedingungen-11,code-bedingungen-3,
P025,A,2025-12-26T16:58:06.919Z,drill_attempt,,0,,,
P025,A,2025-12-26T16:58:52.993Z,drill_attempt,,0,,,
P025,A,2025-12-26T16:58:55.740Z,drill_session_completed,bmi-calculator,0,mcq-bedingungen-11,code-bedingungen-3,
P025,A,2025-12-26T17:01:56.662Z,drill_shown,bmi-calculator,0,mcq-bedingungen-19,code-print-1,
P025,A,2025-12-26T17:02:02.788Z,drill_attempt,,0,,,
P025,A,2025-12-26T17:02:19.636Z,drill_attempt,,0,,,
P025,A,2025-12-26T17:02:32.878Z,drill_attempt,,0,,,
P025,A,2025-12-26T17:02:35.921Z,drill_attempt,,0,,,
P025,A,2025-12-26T17:02:44.023Z,drill_attempt,,0,,,
P025,A,2025-12-26T17:02:46.799Z,drill_session_completed,bmi-calculator,0,mcq-bedingungen-19,code-print-1,
P025,A,2025-12-26T17:08:10.520Z,drill_shown,bmi-calculator,0,mcq-datentypen-3,code-bedingungen-2,
P025,A,2025-12-26T17:08:19.685Z,drill_attempt,,0,,,
P025,A,2025-12-26T17:09:48.970Z,drill_attempt,,0,,,
P025,A,2025-12-26T17:09:53.198Z,drill_session_completed,bmi-calculator,0,mcq-datentypen-3,code-bedingungen-2,
P025,A,2025-12-26T17:11:00.592Z,drill_shown,bmi-calculator,0,mcq-bedingungen-15,code-bedingungen-1,
P025,A,2025-12-26T17:11:07.616Z,drill_attempt,,0,,,
P025,A,2025-12-26T17:11:43.491Z,drill_attempt,,0,,,
P025,A,2025-12-26T17:11:47.356Z,drill_session_completed,bmi-calculator,0,mcq-bedingungen-15,code-bedingungen-1,
